{"v":"5.9.6","fr":30,"ip":0,"op":51,"w":1600,"h":1600,"nm":"Hospital Appointment Schedule","ddd":0,"assets":[],"layers":[{"ddd":0,"ind":1,"ty":4,"nm":"sound_3","sr":1,"ks":{"o":{"a":0,"k":100},"r":{"a":0,"k":-21},"p":{"a":0,"k":[1346.852,1003.318,0]},"a":{"a":0,"k":[0,0,0]},"s":{"a":0,"k":[100,100,100]}},"ao":0,"shapes":[{"ty":"gr","it":[{"ind":0,"ty":"sh","ks":{"a":0,"k":{"i":[[0,0],[0,0]],"o":[[0,0],[0,0]],"v":[[-2.539,-14.321],[2.539,14.321]],"c":false}},"nm":"Path 1","hd":false},{"ty":"st","c":{"a":0,"k":[0.125,0.067,0.412]},"o":{"a":0,"k":100},"w":{"a":0,"k":1.7},"lc":2,"lj":2,"bm":0,"nm":"Stroke 1","hd":false},{"ty":"tr","p":{"a":0,"k":[0,0]},"a":{"a":0,"k":[0,0]},"s":{"a":0,"k":[100,100]},"r":{"a":0,"k":0},"o":{"a":0,"k":100},"sk":{"a":0,"k":0},"sa":{"a":0,"k":0},"nm":"Transform"}],"nm":"Group 1","bm":0,"hd":false},{"ty":"tm","s":{"a":1,"k":[{"i":{"x":[0.833],"y":[0.833]},"o":{"x":[0.167],"y":[0.167]},"t":9,"s":[100]},{"t":13,"s":[0]}]},"e":{"a":1,"k":[{"i":{"x":[0.833],"y":[0.833]},"o":{"x":[0.167],"y":[0.167]},"t":13,"s":[100]},{"t":18,"s":[0]}]},"o":{"a":0,"k":0},"m":1,"nm":"Trim Paths 1","hd":false}],"ip":9,"op":19,"st":0,"ct":1,"bm":0},{"ddd":0,"ind":2,"ty":4,"nm":"sound_2","sr":1,"ks":{"o":{"a":0,"k":100},"r":{"a":0,"k":-21},"p":{"a":0,"k":[1395.166,977.389,0]},"a":{"a":0,"k":[0,0,0]},"s":{"a":0,"k":[100,100,100]}},"ao":0,"shapes":[{"ty":"gr","it":[{"ind":0,"ty":"sh","ks":{"a":0,"k":{"i":[[0,0],[0,0]],"o":[[0,0],[0,0]],"v":[[14.145,-21.185],[-14.145,21.185]],"c":false}},"nm":"Path 1","hd":false},{"ty":"st","c":{"a":0,"k":[0.125,0.067,0.412]},"o":{"a":0,"k":100},"w":{"a":0,"k":1.7},"lc":2,"lj":2,"bm":0,"nm":"Stroke 1","hd":false},{"ty":"tr","p":{"a":0,"k":[0,0]},"a":{"a":0,"k":[0,0]},"s":{"a":0,"k":[100,100]},"r":{"a":0,"k":0},"o":{"a":0,"k":100},"sk":{"a":0,"k":0},"sa":{"a":0,"k":0},"nm":"Transform"}],"nm":"Group 1","bm":0,"hd":false},{"ty":"tm","s":{"a":1,"k":[{"i":{"x":[0.833],"y":[0.833]},"o":{"x":[0.167],"y":[0.167]},"t":9,"s":[100]},{"t":13,"s":[0]}]},"e":{"a":1,"k":[{"i":{"x":[0.833],"y":[0.833]},"o":{"x":[0.167],"y":[0.167]},"t":13,"s":[100]},{"t":18,"s":[0]}]},"o":{"a":0,"k":0},"m":1,"nm":"Trim Paths 1","hd":false}],"ip":9,"op":19,"st":0,"ct":1,"bm":0},{"ddd":0,"ind":3,"ty":4,"nm":"sound_1","sr":1,"ks":{"o":{"a":0,"k":100},"r":{"a":0,"k":-21},"p":{"a":0,"k":[1426.265,1020.482,0]},"a":{"a":0,"k":[0,0,0]},"s":{"a":0,"k":[100,100,100]}},"ao":0,"shapes":[{"ty":"gr","it":[{"ind":0,"ty":"sh","ks":{"a":0,"k":{"i":[[0,0],[0,0]],"o":[[0,0],[0,0]],"v":[[-14.533,2.643],[14.533,-2.643]],"c":false}},"nm":"Path 1","hd":false},{"ty":"st","c":{"a":0,"k":[0.125,0.067,0.412]},"o":{"a":0,"k":100},"w":{"a":0,"k":1.7},"lc":2,"lj":2,"bm":0,"nm":"Stroke 1","hd":false},{"ty":"tr","p":{"a":0,"k":[0,0]},"a":{"a":0,"k":[0,0]},"s":{"a":0,"k":[100,100]},"r":{"a":0,"k":0},"o":{"a":0,"k":100},"sk":{"a":0,"k":0},"sa":{"a":0,"k":0},"nm":"Transform"}],"nm":"Group 1","bm":0,"hd":false},{"ty":"tm","s":{"a":1,"k":[{"i":{"x":[0.833],"y":[0.833]},"o":{"x":[0.167],"y":[0.167]},"t":13,"s":[0]},{"t":18,"s":[100]}]},"e":{"a":1,"k":[{"i":{"x":[0.833],"y":[0.833]},"o":{"x":[0.167],"y":[0.167]},"t":9,"s":[0]},{"t":13,"s":[100]}]},"o":{"a":0,"k":0},"m":1,"nm":"Trim Paths 1","hd":false}],"ip":9,"op":19,"st":0,"ct":1,"bm":0},{"ddd":0,"ind":4,"ty":3,"nm":"NULL CONTROL ","sr":1,"ks":{"o":{"a":0,"k":0},"r":{"a":0,"k":0},"p":{"a":1,"k":[{"i":{"x":0.667,"y":1},"o":{"x":0.333,"y":0},"t":0,"s":[1291.747,1004.415,0],"to":[0,0,0],"ti":[0,0,0]},{"i":{"x":0.667,"y":1},"o":{"x":0.333,"y":0},"t":8,"s":[1284.747,1004.415,0],"to":[0,0,0],"ti":[0,0,0]},{"i":{"x":0.667,"y":1},"o":{"x":0.333,"y":0},"t":13,"s":[1298.997,1004.415,0],"to":[0,0,0],"ti":[0,0,0]},{"i":{"x":0.667,"y":1},"o":{"x":0.333,"y":0},"t":18,"s":[1284.747,1004.415,0],"to":[0,0,0],"ti":[0,0,0]},{"i":{"x":0.667,"y":1},"o":{"x":0.333,"y":0},"t":23,"s":[1298.997,1004.415,0],"to":[0,0,0],"ti":[0,0,0]},{"i":{"x":0.667,"y":1},"o":{"x":0.333,"y":0},"t":28,"s":[1284.747,1004.415,0],"to":[0,0,0],"ti":[0,0,0]},{"i":{"x":0.667,"y":1},"o":{"x":0.333,"y":0},"t":32,"s":[1298.997,1004.415,0],"to":[0,0,0],"ti":[0,0,0]},{"t":36,"s":[1291.747,1004.415,0]}]},"a":{"a":0,"k":[50,50,0]},"s":{"a":0,"k":[100,100,100]}},"ao":0,"ip":0,"op":110,"st":0,"bm":0},{"ddd":0,"ind":5,"ty":4,"nm":"Bell","parent":4,"sr":1,"ks":{"o":{"a":0,"k":100},"r":{"a":1,"k":[{"i":{"x":[0],"y":[1]},"o":{"x":[0.38],"y":[0]},"t":1,"s":[0]},{"i":{"x":[0.833],"y":[0.833]},"o":{"x":[0.38],"y":[0]},"t":9,"s":[21]},{"i":{"x":[0.833],"y":[0.833]},"o":{"x":[0.167],"y":[0.167]},"t":14,"s":[-23]},{"i":{"x":[0.833],"y":[0.833]},"o":{"x":[0.167],"y":[0.167]},"t":19,"s":[11]},{"i":{"x":[0.833],"y":[0.833]},"o":{"x":[0.167],"y":[0.167]},"t":24,"s":[-17]},{"i":{"x":[0.833],"y":[0.833]},"o":{"x":[0.167],"y":[0.167]},"t":29,"s":[4]},{"i":{"x":[0.833],"y":[0.833]},"o":{"x":[0.167],"y":[0.167]},"t":33,"s":[-2]},{"t":37,"s":[0]}]},"p":{"a":1,"k":[{"i":{"x":0.667,"y":1},"o":{"x":0.333,"y":0},"t":0,"s":[50,50,0],"to":[0,0,0],"ti":[0,0,0]},{"i":{"x":0.667,"y":1},"o":{"x":0.333,"y":0},"t":25,"s":[50,104,0],"to":[0,0,0],"ti":[0,0,0]},{"t":51,"s":[50,50,0]}]},"a":{"a":0,"k":[1291.747,1004.415,0]},"s":{"a":0,"k":[100,100,100]}},"ao":0,"shapes":[{"ty":"gr","it":[{"ind":0,"ty":"sh","ks":{"a":0,"k":{"i":[[0,0],[-3.508,1.721],[0,0],[-3.581,0.882]],"o":[[2.931,-2.343],[0,0],[3.447,-1.691],[0,0]],"v":[[-10.12,4.987],[-0.451,-1.139],[-0.45,-1.139],[10.12,-4.987]],"c":false}},"nm":"Path 1","hd":false},{"ty":"st","c":{"a":0,"k":[0.125,0.067,0.412]},"o":{"a":0,"k":100},"w":{"a":0,"k":1.7},"lc":2,"lj":2,"bm":0,"nm":"Stroke 1","hd":false},{"ty":"tr","p":{"a":0,"k":[1293.893,1008.726]},"a":{"a":0,"k":[0,0]},"s":{"a":0,"k":[100,100]},"r":{"a":0,"k":0},"o":{"a":0,"k":100},"sk":{"a":0,"k":0},"sa":{"a":0,"k":0},"nm":"Transform"}],"nm":"Group 1","bm":0,"hd":false},{"ty":"gr","it":[{"ind":0,"ty":"sh","ks":{"a":0,"k":{"i":[[-6.214,3.048],[0,0],[-3.048,-6.214],[0,0],[0,0],[0,0]],"o":[[0,0],[6.214,-3.048],[0,0],[0,0],[0,0],[-3.048,-6.214]],"v":[[-5.383,-8.775],[-5.383,-8.775],[11.388,-3.042],[12.4,-0.979],[-10.105,10.059],[-11.116,7.996]],"c":true}},"nm":"Path 1","hd":false},{"ty":"fl","c":{"a":0,"k":[1,0.752941191196,0.266666680574,1]},"o":{"a":0,"k":100},"r":1,"bm":0,"nm":"Fill 1","hd":false},{"ty":"tr","p":{"a":0,"k":[1292.999,1004.379]},"a":{"a":0,"k":[0,0]},"s":{"a":0,"k":[100,100]},"r":{"a":0,"k":0},"o":{"a":0,"k":100},"sk":{"a":0,"k":0},"sa":{"a":0,"k":0},"nm":"Transform"}],"nm":"Group 2","bm":0,"hd":false},{"ty":"gr","it":[{"ind":0,"ty":"sh","ks":{"a":0,"k":{"i":[[-25.847,12.677],[0,0],[-12.712,-25.917],[0,0],[-4.149,-2.84],[0,0],[7.567,-3.711],[0,0],[-0.451,8.392],[0,0],[2.159,4.445],[0,0]],"o":[[0,0],[25.917,-12.712],[0,0],[2.214,4.514],[0,0],[6.955,4.76],[0,0],[-7.545,3.701],[0,0],[0.265,-4.935],[0,0],[-12.579,-25.895]],"v":[[-42.805,-67.285],[-42.805,-67.285],[27.138,-43.374],[35.573,-26.177],[45.28,-14.958],[67.278,0.099],[65.908,19.062],[-40.998,71.496],[-56.834,61.025],[-55.399,34.311],[-58.287,20.01],[-66.803,2.48]],"c":true}},"nm":"Path 1","hd":false},{"ty":"fl","c":{"a":0,"k":[1,0.752941191196,0.266666680574,1]},"o":{"a":0,"k":100},"r":1,"bm":0,"nm":"Fill 1","hd":false},{"ty":"tr","p":{"a":0,"k":[1336.247,1074.872]},"a":{"a":0,"k":[0,0]},"s":{"a":0,"k":[100,100]},"r":{"a":0,"k":0},"o":{"a":0,"k":100},"sk":{"a":0,"k":0},"sa":{"a":0,"k":0},"nm":"Transform"}],"nm":"Group 3","bm":0,"hd":false}],"ip":0,"op":110,"st":0,"ct":1,"bm":0},{"ddd":0,"ind":6,"ty":4,"nm":"Bell 2","parent":5,"sr":1,"ks":{"o":{"a":0,"k":100},"r":{"a":1,"k":[{"i":{"x":[0.667],"y":[1]},"o":{"x":[0.333],"y":[0]},"t":3,"s":[0]},{"i":{"x":[0.833],"y":[0.833]},"o":{"x":[0.333],"y":[0]},"t":11,"s":[9]},{"i":{"x":[0.833],"y":[0.833]},"o":{"x":[0.167],"y":[0.167]},"t":16,"s":[-11]},{"i":{"x":[0.833],"y":[0.833]},"o":{"x":[0.167],"y":[0.167]},"t":21,"s":[10]},{"i":{"x":[0.833],"y":[0.833]},"o":{"x":[0.167],"y":[0.167]},"t":26,"s":[-12]},{"i":{"x":[0.833],"y":[0.833]},"o":{"x":[0.167],"y":[0.167]},"t":31,"s":[7]},{"i":{"x":[0.833],"y":[0.833]},"o":{"x":[0.167],"y":[0.167]},"t":35,"s":[-5]},{"t":39,"s":[0]}]},"p":{"a":0,"k":[1293.077,1005.459,0]},"a":{"a":0,"k":[-56,-114.5,0]},"s":{"a":0,"k":[100,100,100]}},"ao":0,"shapes":[{"ty":"gr","it":[{"ind":0,"ty":"sh","ks":{"a":0,"k":{"i":[[-7.749,3.801],[0,0],[3.801,7.749],[0,0],[0,0],[0,0]],"o":[[0,0],[7.749,-3.801],[0,0],[0,0],[0,0],[3.801,7.749]],"v":[[9.151,15.915],[9.151,15.915],[16.3,-4.998],[10.161,-17.515],[-17.901,-3.752],[-11.761,8.766]],"c":true}},"nm":"Path 1","hd":false},{"ty":"fl","c":{"a":0,"k":[0.125,0.067,0.412]},"o":{"a":0,"k":100},"r":1,"bm":0,"nm":"Fill 1","hd":false},{"ty":"tr","p":{"a":0,"k":[0,0]},"a":{"a":0,"k":[0,0]},"s":{"a":0,"k":[100,100]},"r":{"a":0,"k":0},"o":{"a":0,"k":100},"sk":{"a":0,"k":0},"sa":{"a":0,"k":0},"nm":"Transform"}],"nm":"Group 1","bm":0,"hd":false}],"ip":0,"op":110,"st":0,"ct":1,"bm":0},{"ddd":0,"ind":7,"ty":4,"nm":"Panel line","parent":9,"sr":1,"ks":{"o":{"a":0,"k":100},"r":{"a":0,"k":0},"p":{"a":0,"k":[29.057,0,0]},"a":{"a":0,"k":[0,0,0]},"s":{"a":0,"k":[100,100,100]}},"ao":0,"shapes":[{"ty":"gr","it":[{"ind":0,"ty":"sh","ks":{"a":0,"k":{"i":[[0,0],[0,0]],"o":[[0,0],[0,0]],"v":[[-144.008,0],[144.008,0]],"c":false}},"nm":"Path 1","hd":false},{"ty":"st","c":{"a":0,"k":[0.125,0.067,0.412]},"o":{"a":0,"k":100},"w":{"a":0,"k":1.7},"lc":2,"lj":2,"bm":0,"nm":"Stroke 1","hd":false},{"ty":"tr","p":{"a":0,"k":[0,0]},"a":{"a":0,"k":[0,0]},"s":{"a":0,"k":[100,100]},"r":{"a":0,"k":0},"o":{"a":0,"k":100},"sk":{"a":0,"k":0},"sa":{"a":0,"k":0},"nm":"Transform"}],"nm":"Group 1","bm":0,"hd":false},{"ty":"tm","s":{"a":1,"k":[{"i":{"x":[0],"y":[1]},"o":{"x":[0.38],"y":[0]},"t":38,"s":[0]},{"t":48,"s":[100]}]},"e":{"a":1,"k":[{"i":{"x":[0],"y":[1]},"o":{"x":[0.38],"y":[0]},"t":3,"s":[0]},{"t":13,"s":[100]}]},"o":{"a":0,"k":0},"m":1,"nm":"Trim Paths 1","hd":false}],"ip":0,"op":110,"st":0,"ct":1,"bm":0},{"ddd":0,"ind":8,"ty":4,"nm":"Panel circle","parent":9,"sr":1,"ks":{"o":{"a":0,"k":100},"r":{"a":0,"k":0},"p":{"a":0,"k":[-212.961,0,0]},"a":{"a":0,"k":[835.284,1110.186,0]},"s":{"a":1,"k":[{"i":{"x":[0.667,0.667,0.667],"y":[1,1,1]},"o":{"x":[0.333,0.333,0.333],"y":[0,0,0]},"t":-48,"s":[100,100,100]},{"i":{"x":[0.667,0.667,0.667],"y":[1,1,1]},"o":{"x":[0.333,0.333,0.333],"y":[0,0,0]},"t":-36,"s":[85,85,100]},{"i":{"x":[0.667,0.667,0.667],"y":[1,1,1]},"o":{"x":[0.333,0.333,0.333],"y":[0,0,0]},"t":-23,"s":[100,100,100]},{"i":{"x":[0.667,0.667,0.667],"y":[1,1,1]},"o":{"x":[0.333,0.333,0.333],"y":[0,0,0]},"t":-10,"s":[85,85,100]},{"i":{"x":[0.667,0.667,0.667],"y":[1,1,1]},"o":{"x":[0.333,0.333,0.333],"y":[0,0,0]},"t":3,"s":[100,100,100]},{"i":{"x":[0.667,0.667,0.667],"y":[1,1,1]},"o":{"x":[0.333,0.333,0.333],"y":[0,0,0]},"t":15,"s":[85,85,100]},{"i":{"x":[0.667,0.667,0.667],"y":[1,1,1]},"o":{"x":[0.333,0.333,0.333],"y":[0,0,0]},"t":28,"s":[100,100,100]},{"i":{"x":[0.667,0.667,0.667],"y":[1,1,1]},"o":{"x":[0.333,0.333,0.333],"y":[0,0,0]},"t":41,"s":[85,85,100]},{"t":54,"s":[100,100,100]}]}},"ao":0,"shapes":[{"ty":"gr","it":[{"ind":0,"ty":"sh","ks":{"a":0,"k":{"i":[[1.706,0],[0,0],[0.118,1.702],[0,0],[-3.206,0],[0,0],[0.222,-3.198],[0,0]],"o":[[0,0],[-1.706,0],[0,0],[-0.222,-3.198],[0,0],[3.206,0],[0,0],[-0.118,1.702]],"v":[[0,20.882],[0,20.882],[-3.24,17.859],[-5.518,-14.968],[0,-20.882],[0,-20.882],[5.518,-14.968],[3.24,17.859]],"c":true}},"nm":"Path 1","hd":false},{"ty":"fl","c":{"a":0,"k":[0.125,0.067,0.412]},"o":{"a":0,"k":100},"r":1,"bm":0,"nm":"Fill 1","hd":false},{"ty":"tr","p":{"a":0,"k":[834.948,1102.147]},"a":{"a":0,"k":[0,0]},"s":{"a":0,"k":[100,100]},"r":{"a":0,"k":0},"o":{"a":0,"k":100},"sk":{"a":0,"k":0},"sa":{"a":0,"k":0},"nm":"Transform"}],"nm":"Group 1","bm":0,"hd":false},{"ty":"gr","it":[{"ind":0,"ty":"sh","ks":{"a":0,"k":{"i":[[0,-3.529],[3.529,0],[0,3.529],[-3.529,0]],"o":[[0,3.529],[-3.529,0],[0,-3.529],[3.529,0]],"v":[[6.39,0],[0,6.39],[-6.39,0],[0,-6.39]],"c":true}},"nm":"Path 1","hd":false},{"ty":"fl","c":{"a":0,"k":[0.125,0.067,0.412]},"o":{"a":0,"k":100},"r":1,"bm":0,"nm":"Fill 1","hd":false},{"ty":"tr","p":{"a":0,"k":[835.409,1135.611]},"a":{"a":0,"k":[0,0]},"s":{"a":0,"k":[100,100]},"r":{"a":0,"k":0},"o":{"a":0,"k":100},"sk":{"a":0,"k":0},"sa":{"a":0,"k":0},"nm":"Transform"}],"nm":"Group 2","bm":0,"hd":false},{"ty":"gr","it":[{"ind":0,"ty":"sh","ks":{"a":0,"k":{"i":[[0,-23.63],[23.63,0],[0,23.63],[-23.63,0]],"o":[[0,23.63],[-23.63,0],[0,-23.63],[23.63,0]],"v":[[42.786,0],[0,42.786],[-42.786,0],[0,-42.786]],"c":true}},"nm":"Path 1","hd":false},{"ty":"fl","c":{"a":0,"k":[0.996078431606,0.203921571374,0.337254911661,1]},"o":{"a":0,"k":100},"r":1,"bm":0,"nm":"Fill 1","hd":false},{"ty":"tr","p":{"a":0,"k":[835.284,1110.186]},"a":{"a":0,"k":[0,0]},"s":{"a":0,"k":[100,100]},"r":{"a":0,"k":0},"o":{"a":0,"k":100},"sk":{"a":0,"k":0},"sa":{"a":0,"k":0},"nm":"Transform"}],"nm":"Group 3","bm":0,"hd":false}],"ip":0,"op":110,"st":0,"ct":1,"bm":0},{"ddd":0,"ind":9,"ty":4,"nm":"panel","sr":1,"ks":{"o":{"a":0,"k":100},"r":{"a":0,"k":0},"p":{"a":1,"k":[{"i":{"x":0.667,"y":1},"o":{"x":0.333,"y":0},"t":-50,"s":[1048.245,1110.186,0],"to":[0,0,0],"ti":[0,0,0]},{"i":{"x":0.667,"y":1},"o":{"x":0.333,"y":0},"t":-25,"s":[1048.245,1149.186,0],"to":[0,0,0],"ti":[0,0,0]},{"i":{"x":0.667,"y":1},"o":{"x":0.333,"y":0},"t":1,"s":[1048.245,1110.186,0],"to":[0,0,0],"ti":[0,0,0]},{"i":{"x":0.667,"y":1},"o":{"x":0.333,"y":0},"t":26,"s":[1048.245,1149.186,0],"to":[0,0,0],"ti":[0,0,0]},{"t":52,"s":[1048.245,1110.186,0]}]},"a":{"a":0,"k":[0,0,0]},"s":{"a":0,"k":[100,100,100]}},"ao":0,"shapes":[{"ty":"gr","it":[{"ind":0,"ty":"sh","ks":{"a":0,"k":{"i":[[-9.066,0],[0,0],[0,9.066],[0,0],[9.066,0],[0,0],[0,-9.066],[0,0]],"o":[[0,0],[9.066,0],[0,0],[0,-9.066],[0,0],[-9.066,0],[0,0],[0,9.066]],"v":[[-266.198,64.554],[266.198,64.554],[282.613,48.139],[282.613,-48.139],[266.198,-64.554],[-266.198,-64.554],[-282.613,-48.139],[-282.613,48.139]],"c":true}},"nm":"Path 1","hd":false},{"ty":"st","c":{"a":0,"k":[0.125,0.067,0.412]},"o":{"a":0,"k":100},"w":{"a":0,"k":1.7},"lc":2,"lj":2,"bm":0,"nm":"Stroke 1","hd":false},{"ty":"fl","c":{"a":0,"k":[1,1,1,1]},"o":{"a":0,"k":100},"r":1,"bm":0,"nm":"Fill 1","hd":false},{"ty":"tr","p":{"a":0,"k":[0,0]},"a":{"a":0,"k":[0,0]},"s":{"a":0,"k":[100,100]},"r":{"a":0,"k":0},"o":{"a":0,"k":100},"sk":{"a":0,"k":0},"sa":{"a":0,"k":0},"nm":"Transform"}],"nm":"Group 1","bm":0,"hd":false}],"ip":0,"op":110,"st":0,"ct":1,"bm":0},{"ddd":0,"ind":10,"ty":4,"nm":"cross_3","sr":1,"ks":{"o":{"a":0,"k":100},"r":{"a":0,"k":0},"p":{"a":1,"k":[{"i":{"x":0.667,"y":1},"o":{"x":0.333,"y":0},"t":-44,"s":[692.862,1152.973,0],"to":[0,0,0],"ti":[0,0,0]},{"i":{"x":0.667,"y":1},"o":{"x":0.333,"y":0},"t":-19,"s":[692.862,1203.973,0],"to":[0,0,0],"ti":[0,0,0]},{"i":{"x":0.667,"y":1},"o":{"x":0.333,"y":0},"t":7,"s":[692.862,1152.973,0],"to":[0,0,0],"ti":[0,0,0]},{"i":{"x":0.667,"y":1},"o":{"x":0.333,"y":0},"t":32,"s":[692.862,1203.973,0],"to":[0,0,0],"ti":[0,0,0]},{"t":58,"s":[692.862,1152.973,0]}]},"a":{"a":0,"k":[692.862,1152.973,0]},"s":{"a":1,"k":[{"i":{"x":[0.667,0.667,0.667],"y":[1,1,1]},"o":{"x":[0.333,0.333,0.333],"y":[0,0,0]},"t":-40,"s":[100,100,100]},{"i":{"x":[0.667,0.667,0.667],"y":[1,1,1]},"o":{"x":[0.333,0.333,0.333],"y":[0,0,0]},"t":-15,"s":[88,88,100]},{"i":{"x":[0.667,0.667,0.667],"y":[1,1,1]},"o":{"x":[0.333,0.333,0.333],"y":[0,0,0]},"t":11,"s":[100,100,100]},{"i":{"x":[0.667,0.667,0.667],"y":[1,1,1]},"o":{"x":[0.333,0.333,0.333],"y":[0,0,0]},"t":36,"s":[88,88,100]},{"t":62,"s":[100,100,100]}]}},"ao":0,"shapes":[{"ty":"gr","it":[{"ty":"gr","it":[{"ind":0,"ty":"sh","ks":{"a":0,"k":{"i":[[0,0],[0,0],[0,0],[0,0]],"o":[[0,0],[0,0],[0,0],[0,0]],"v":[[33.936,11.058],[33.936,-11.058],[-33.936,-11.058],[-33.936,11.058]],"c":true}},"nm":"Path 1","hd":false},{"ty":"fl","c":{"a":0,"k":[0.274509817362,0.51372551918,0.92549020052,1]},"o":{"a":0,"k":100},"r":1,"bm":0,"nm":"Fill 1","hd":false},{"ty":"tr","p":{"a":0,"k":[692.862,1152.973]},"a":{"a":0,"k":[0,0]},"s":{"a":0,"k":[100,100]},"r":{"a":0,"k":0},"o":{"a":0,"k":100},"sk":{"a":0,"k":0},"sa":{"a":0,"k":0},"nm":"Transform"}],"nm":"Group 1","bm":0,"hd":false},{"ty":"gr","it":[{"ind":0,"ty":"sh","ks":{"a":0,"k":{"i":[[0,0],[0,0],[0,0],[0,0]],"o":[[0,0],[0,0],[0,0],[0,0]],"v":[[11.058,33.936],[-11.058,33.936],[-11.058,-33.936],[11.058,-33.936]],"c":true}},"nm":"Path 1","hd":false},{"ty":"fl","c":{"a":0,"k":[0.274509817362,0.51372551918,0.92549020052,1]},"o":{"a":0,"k":100},"r":1,"bm":0,"nm":"Fill 1","hd":false},{"ty":"tr","p":{"a":0,"k":[692.862,1152.973]},"a":{"a":0,"k":[0,0]},"s":{"a":0,"k":[100,100]},"r":{"a":0,"k":0},"o":{"a":0,"k":100},"sk":{"a":0,"k":0},"sa":{"a":0,"k":0},"nm":"Transform"}],"nm":"Group 2","bm":0,"hd":false},{"ty":"tr","p":{"a":0,"k":[692.862,1152.973]},"a":{"a":0,"k":[692.862,1152.973]},"s":{"a":0,"k":[100,100]},"r":{"a":0,"k":0},"o":{"a":0,"k":100},"sk":{"a":0,"k":0},"sa":{"a":0,"k":0},"nm":"Transform"}],"nm":"Group 1","bm":0,"hd":false}],"ip":0,"op":110,"st":0,"ct":1,"bm":0},{"ddd":0,"ind":11,"ty":4,"nm":"cross_2","sr":1,"ks":{"o":{"a":0,"k":100},"r":{"a":0,"k":0},"p":{"a":1,"k":[{"i":{"x":0.667,"y":1},"o":{"x":0.333,"y":0},"t":-40,"s":[345.445,964.941,0],"to":[0,0,0],"ti":[0,0,0]},{"i":{"x":0.667,"y":1},"o":{"x":0.333,"y":0},"t":-15,"s":[345.445,1033.941,0],"to":[0,0,0],"ti":[0,0,0]},{"i":{"x":0.667,"y":1},"o":{"x":0.333,"y":0},"t":11,"s":[345.445,964.941,0],"to":[0,0,0],"ti":[0,0,0]},{"i":{"x":0.667,"y":1},"o":{"x":0.333,"y":0},"t":36,"s":[345.445,1033.941,0],"to":[0,0,0],"ti":[0,0,0]},{"t":62,"s":[345.445,964.941,0]}]},"a":{"a":0,"k":[345.445,964.941,0]},"s":{"a":1,"k":[{"i":{"x":[0.667,0.667,0.667],"y":[1,1,1]},"o":{"x":[0.333,0.333,0.333],"y":[0,0,0]},"t":-36,"s":[100,100,100]},{"i":{"x":[0.667,0.667,0.667],"y":[1,1,1]},"o":{"x":[0.333,0.333,0.333],"y":[0,0,0]},"t":-11,"s":[80,80,100]},{"i":{"x":[0.667,0.667,0.667],"y":[1,1,1]},"o":{"x":[0.333,0.333,0.333],"y":[0,0,0]},"t":15,"s":[100,100,100]},{"i":{"x":[0.667,0.667,0.667],"y":[1,1,1]},"o":{"x":[0.333,0.333,0.333],"y":[0,0,0]},"t":40,"s":[80,80,100]},{"t":66,"s":[100,100,100]}]}},"ao":0,"shapes":[{"ty":"gr","it":[{"ty":"gr","it":[{"ind":0,"ty":"sh","ks":{"a":0,"k":{"i":[[0,0],[0,0],[0,0],[0,0]],"o":[[0,0],[0,0],[0,0],[0,0]],"v":[[55.894,18.213],[55.894,-18.213],[-55.894,-18.213],[-55.894,18.213]],"c":true}},"nm":"Path 1","hd":false},{"ty":"fl","c":{"a":0,"k":[0.937254905701,0.89411765337,0.709803938866,1]},"o":{"a":0,"k":100},"r":1,"bm":0,"nm":"Fill 1","hd":false},{"ty":"tr","p":{"a":0,"k":[345.445,964.941]},"a":{"a":0,"k":[0,0]},"s":{"a":0,"k":[100,100]},"r":{"a":0,"k":0},"o":{"a":0,"k":100},"sk":{"a":0,"k":0},"sa":{"a":0,"k":0},"nm":"Transform"}],"nm":"Group 1","bm":0,"hd":false},{"ty":"gr","it":[{"ind":0,"ty":"sh","ks":{"a":0,"k":{"i":[[0,0],[0,0],[0,0],[0,0]],"o":[[0,0],[0,0],[0,0],[0,0]],"v":[[18.213,55.894],[-18.213,55.894],[-18.213,-55.894],[18.213,-55.894]],"c":true}},"nm":"Path 1","hd":false},{"ty":"fl","c":{"a":0,"k":[0.937254905701,0.89411765337,0.709803938866,1]},"o":{"a":0,"k":100},"r":1,"bm":0,"nm":"Fill 1","hd":false},{"ty":"tr","p":{"a":0,"k":[345.445,964.941]},"a":{"a":0,"k":[0,0]},"s":{"a":0,"k":[100,100]},"r":{"a":0,"k":0},"o":{"a":0,"k":100},"sk":{"a":0,"k":0},"sa":{"a":0,"k":0},"nm":"Transform"}],"nm":"Group 2","bm":0,"hd":false},{"ty":"tr","p":{"a":0,"k":[345.445,964.941]},"a":{"a":0,"k":[345.445,964.941]},"s":{"a":0,"k":[100,100]},"r":{"a":0,"k":0},"o":{"a":0,"k":100},"sk":{"a":0,"k":0},"sa":{"a":0,"k":0},"nm":"Transform"}],"nm":"Group 1","bm":0,"hd":false}],"ip":0,"op":110,"st":0,"ct":1,"bm":0},{"ddd":0,"ind":12,"ty":4,"nm":"cross_1","sr":1,"ks":{"o":{"a":0,"k":100},"r":{"a":0,"k":0},"p":{"a":1,"k":[{"i":{"x":0.667,"y":1},"o":{"x":0.333,"y":0},"t":-22,"s":[1006.856,919.218,0],"to":[0,0,0],"ti":[0,0,0]},{"i":{"x":0.667,"y":1},"o":{"x":0.333,"y":0},"t":3,"s":[1006.856,967.218,0],"to":[0,0,0],"ti":[0,0,0]},{"i":{"x":0.667,"y":1},"o":{"x":0.333,"y":0},"t":29,"s":[1006.856,919.218,0],"to":[0,0,0],"ti":[0,0,0]},{"i":{"x":0.667,"y":1},"o":{"x":0.333,"y":0},"t":54,"s":[1006.856,967.218,0],"to":[0,0,0],"ti":[0,0,0]},{"t":80,"s":[1006.856,919.218,0]}]},"a":{"a":0,"k":[1006.856,919.218,0]},"s":{"a":1,"k":[{"i":{"x":[0.667,0.667,0.667],"y":[1,1,1]},"o":{"x":[0.333,0.333,0.333],"y":[0,0,0]},"t":-18,"s":[100,100,100]},{"i":{"x":[0.667,0.667,0.667],"y":[1,1,1]},"o":{"x":[0.333,0.333,0.333],"y":[0,0,0]},"t":7,"s":[90,90,100]},{"i":{"x":[0.667,0.667,0.667],"y":[1,1,1]},"o":{"x":[0.333,0.333,0.333],"y":[0,0,0]},"t":33,"s":[100,100,100]},{"i":{"x":[0.667,0.667,0.667],"y":[1,1,1]},"o":{"x":[0.333,0.333,0.333],"y":[0,0,0]},"t":58,"s":[90,90,100]},{"t":84,"s":[100,100,100]}]}},"ao":0,"shapes":[{"ty":"gr","it":[{"ty":"gr","it":[{"ind":0,"ty":"sh","ks":{"a":0,"k":{"i":[[0,0],[0,0],[0,0],[0,0]],"o":[[0,0],[0,0],[0,0],[0,0]],"v":[[55.894,18.213],[55.894,-18.213],[-55.894,-18.213],[-55.894,18.213]],"c":true}},"nm":"Path 1","hd":false},{"ty":"fl","c":{"a":0,"k":[1,0.752941191196,0.266666680574,1]},"o":{"a":0,"k":100},"r":1,"bm":0,"nm":"Fill 1","hd":false},{"ty":"tr","p":{"a":0,"k":[1006.856,919.218]},"a":{"a":0,"k":[0,0]},"s":{"a":0,"k":[100,100]},"r":{"a":0,"k":0},"o":{"a":0,"k":100},"sk":{"a":0,"k":0},"sa":{"a":0,"k":0},"nm":"Transform"}],"nm":"Group 1","bm":0,"hd":false},{"ty":"gr","it":[{"ind":0,"ty":"sh","ks":{"a":0,"k":{"i":[[0,0],[0,0],[0,0],[0,0]],"o":[[0,0],[0,0],[0,0],[0,0]],"v":[[18.213,55.894],[-18.213,55.894],[-18.213,-55.894],[18.213,-55.894]],"c":true}},"nm":"Path 1","hd":false},{"ty":"fl","c":{"a":0,"k":[1,0.752941191196,0.266666680574,1]},"o":{"a":0,"k":100},"r":1,"bm":0,"nm":"Fill 1","hd":false},{"ty":"tr","p":{"a":0,"k":[1006.856,919.218]},"a":{"a":0,"k":[0,0]},"s":{"a":0,"k":[100,100]},"r":{"a":0,"k":0},"o":{"a":0,"k":100},"sk":{"a":0,"k":0},"sa":{"a":0,"k":0},"nm":"Transform"}],"nm":"Group 2","bm":0,"hd":false},{"ty":"tr","p":{"a":0,"k":[1006.856,919.218]},"a":{"a":0,"k":[1006.856,919.218]},"s":{"a":0,"k":[100,100]},"r":{"a":0,"k":0},"o":{"a":0,"k":100},"sk":{"a":0,"k":0},"sa":{"a":0,"k":0},"nm":"Transform"}],"nm":"Group 1","bm":0,"hd":false}],"ip":0,"op":110,"st":0,"ct":1,"bm":0},{"ddd":0,"ind":13,"ty":4,"nm":"Shield cross","parent":14,"sr":1,"ks":{"o":{"a":0,"k":100},"r":{"a":0,"k":0},"p":{"a":0,"k":[372.949,638.266,0]},"a":{"a":0,"k":[372.949,638.266,0]},"s":{"a":0,"k":[100,100,100]}},"ao":0,"shapes":[{"ty":"gr","it":[{"ind":0,"ty":"sh","ks":{"a":0,"k":{"i":[[0,0],[0,0],[0,0],[0,0]],"o":[[0,0],[0,0],[0,0],[0,0]],"v":[[84.407,27.504],[84.407,-27.504],[-84.407,-27.504],[-84.407,27.504]],"c":true}},"nm":"Path 1","hd":false},{"ty":"fl","c":{"a":0,"k":[1,1,1,1]},"o":{"a":0,"k":100},"r":1,"bm":0,"nm":"Fill 1","hd":false},{"ty":"tr","p":{"a":0,"k":[372.949,638.266]},"a":{"a":0,"k":[0,0]},"s":{"a":0,"k":[100,100]},"r":{"a":0,"k":0},"o":{"a":0,"k":100},"sk":{"a":0,"k":0},"sa":{"a":0,"k":0},"nm":"Transform"}],"nm":"Group 1","bm":0,"hd":false},{"ty":"gr","it":[{"ind":0,"ty":"sh","ks":{"a":0,"k":{"i":[[0,0],[0,0],[0,0],[0,0]],"o":[[0,0],[0,0],[0,0],[0,0]],"v":[[27.504,84.407],[-27.504,84.407],[-27.504,-84.407],[27.504,-84.407]],"c":true}},"nm":"Path 1","hd":false},{"ty":"fl","c":{"a":0,"k":[1,1,1,1]},"o":{"a":0,"k":100},"r":1,"bm":0,"nm":"Fill 1","hd":false},{"ty":"tr","p":{"a":0,"k":[372.949,638.266]},"a":{"a":0,"k":[0,0]},"s":{"a":0,"k":[100,100]},"r":{"a":0,"k":0},"o":{"a":0,"k":100},"sk":{"a":0,"k":0},"sa":{"a":0,"k":0},"nm":"Transform"}],"nm":"Group 2","bm":0,"hd":false}],"ip":0,"op":110,"st":0,"ct":1,"bm":0},{"ddd":0,"ind":14,"ty":4,"nm":"Shield","sr":1,"ks":{"o":{"a":0,"k":100},"r":{"a":0,"k":0},"p":{"a":1,"k":[{"i":{"x":0.667,"y":1},"o":{"x":0.333,"y":0},"t":-33,"s":[372.953,638.266,0],"to":[0,0,0],"ti":[0,0,0]},{"i":{"x":0.667,"y":1},"o":{"x":0.333,"y":0},"t":-8,"s":[372.953,686.266,0],"to":[0,0,0],"ti":[0,0,0]},{"i":{"x":0.667,"y":1},"o":{"x":0.333,"y":0},"t":18,"s":[372.953,638.266,0],"to":[0,0,0],"ti":[0,0,0]},{"i":{"x":0.667,"y":1},"o":{"x":0.333,"y":0},"t":43,"s":[372.953,686.266,0],"to":[0,0,0],"ti":[0,0,0]},{"t":69,"s":[372.953,638.266,0]}]},"a":{"a":0,"k":[372.953,638.266,0]},"s":{"a":0,"k":[100,100,100]}},"ao":0,"shapes":[{"ty":"gr","it":[{"ind":0,"ty":"sh","ks":{"a":0,"k":{"i":[[-49.302,64.844],[0,0],[0,0],[0,0],[0,0],[10.66,190.375]],"o":[[0,0],[0,0],[0,0],[0,0],[-65.773,0],[83.078,-16.014]],"v":[[91.471,-225.174],[105.776,-206.608],[134.971,-43.427],[102.515,224.202],[91.471,225.174],[-91.471,-97.849]],"c":true}},"nm":"Path 1","hd":false},{"ty":"fl","c":{"a":0,"k":[0.007843137719,0.54509806633,0.203921571374,1]},"o":{"a":0,"k":100},"r":1,"bm":0,"nm":"Fill 1","hd":false},{"ty":"tr","p":{"a":0,"k":[281.482,638.266]},"a":{"a":0,"k":[0,0]},"s":{"a":0,"k":[100,100]},"r":{"a":0,"k":0},"o":{"a":0,"k":100},"sk":{"a":0,"k":0},"sa":{"a":0,"k":0},"nm":"Transform"}],"nm":"Group 1","bm":0,"hd":false},{"ty":"gr","it":[{"ind":0,"ty":"sh","ks":{"a":0,"k":{"i":[[-83.078,-15.998],[65.773,0],[0,0]],"o":[[-10.66,190.375],[0,0],[49.302,64.844]],"v":[[91.471,-97.849],[-91.471,225.174],[-91.471,-225.174]],"c":true}},"nm":"Path 1","hd":false},{"ty":"fl","c":{"a":0,"k":[0.007843137719,0.54509806633,0.203921571374,1]},"o":{"a":0,"k":100},"r":1,"bm":0,"nm":"Fill 1","hd":false},{"ty":"tr","p":{"a":0,"k":[464.424,638.266]},"a":{"a":0,"k":[0,0]},"s":{"a":0,"k":[100,100]},"r":{"a":0,"k":0},"o":{"a":0,"k":100},"sk":{"a":0,"k":0},"sa":{"a":0,"k":0},"nm":"Transform"}],"nm":"Group 2","bm":0,"hd":false}],"ip":0,"op":110,"st":0,"ct":1,"bm":0},{"ddd":0,"ind":15,"ty":4,"nm":"Shield shade","parent":14,"sr":1,"ks":{"o":{"a":0,"k":100},"r":{"a":0,"k":0},"p":{"a":0,"k":[475.74,831.573,0]},"a":{"a":0,"k":[0,0,0]},"s":{"a":0,"k":[100,100,100]}},"ao":0,"shapes":[{"ty":"gr","it":[{"ind":0,"ty":"sh","ks":{"a":0,"k":{"i":[[0,0],[0,0],[0,0]],"o":[[0,0],[0,0],[0,0]],"v":[[-31.701,98.214],[-31.701,-50.775],[31.701,-98.214]],"c":true}},"nm":"Path 1","hd":false},{"ty":"st","c":{"a":0,"k":[0.125,0.067,0.412]},"o":{"a":0,"k":100},"w":{"a":0,"k":1.7},"lc":2,"lj":2,"bm":0,"nm":"Stroke 1","hd":false},{"ty":"fl","c":{"a":0,"k":[0.125,0.067,0.412]},"o":{"a":0,"k":100},"r":1,"bm":0,"nm":"Fill 1","hd":false},{"ty":"tr","p":{"a":0,"k":[0,0]},"a":{"a":0,"k":[0,0]},"s":{"a":0,"k":[100,100]},"r":{"a":0,"k":0},"o":{"a":0,"k":100},"sk":{"a":0,"k":0},"sa":{"a":0,"k":0},"nm":"Transform"}],"nm":"Group 1","bm":0,"hd":false}],"ip":0,"op":110,"st":0,"ct":1,"bm":0},{"ddd":0,"ind":16,"ty":4,"nm":"check 3","parent":22,"sr":1,"ks":{"o":{"a":1,"k":[{"i":{"x":[0.667],"y":[1]},"o":{"x":[0.333],"y":[0]},"t":41,"s":[100]},{"t":46,"s":[0]}]},"r":{"a":0,"k":0},"p":{"a":0,"k":[811.346,933.235,0]},"a":{"a":0,"k":[0,0,0]},"s":{"a":0,"k":[100,100,100]}},"ao":0,"shapes":[{"ty":"gr","it":[{"ind":0,"ty":"sh","ks":{"a":1,"k":[{"i":{"x":0.833,"y":0.833},"o":{"x":0.38,"y":0},"t":15,"s":[{"i":[[0,0],[-0.03,0.463],[-0.265,-0.274],[0,0],[-0.789,-0.706],[0,0],[0.07,-0.108],[1.146,-1.788],[0.087,0.112],[2.26,2.324],[-0.282,-0.115],[0,0]],"o":[[-0.119,-0.295],[0.337,0.176],[0,0],[1.062,-0.466],[0,0],[0.095,-0.062],[-1.066,1.836],[-0.075,0.125],[0,0],[-0.211,-0.211],[0,0],[0,0]],"v":[[-17.919,-2.476],[-17.196,-3.109],[-16.537,-2.426],[-19.226,-2.242],[-16.692,-2.321],[-16.646,-2.349],[-16.511,-2.148],[-17.616,-0.408],[-17.93,-0.382],[-18.351,-2.042],[-18.038,-2.52],[-17.919,-2.476]],"c":true}]},{"i":{"x":0,"y":1},"o":{"x":0.167,"y":0.167},"t":19,"s":[{"i":[[0,0],[-5.195,-4.117],[-0.708,-0.59],[0,0],[-2.112,-1.52],[0,0],[0.188,-0.233],[3.066,-3.85],[0.234,0.24],[2.26,2.324],[-0.282,-0.115],[0,0]],"o":[[6.26,2.397],[0.719,0.578],[0,0],[3.165,-4.815],[0,0],[0.255,-0.134],[-2.853,3.954],[-0.2,0.269],[0,0],[-0.211,-0.211],[0,0],[0,0]],"v":[[-17.919,-2.476],[-0.961,7.803],[0.801,9.274],[-6.39,9.67],[0.386,9.5],[0.51,9.439],[0.871,9.873],[-2.086,13.622],[-2.925,13.677],[-18.351,-2.042],[-18.038,-2.52],[-17.919,-2.476]],"c":true}]},{"t":25,"s":[{"i":[[0,0],[-5.195,-4.117],[-0.708,-0.59],[0,0],[-10.299,5.418],[0,0],[0.188,-0.233],[3.066,-3.85],[0.234,0.24],[2.26,2.324],[-0.282,-0.115],[0,0]],"o":[[6.26,2.397],[0.719,0.578],[0,0],[6.361,-9.509],[0,0],[0.255,-0.134],[-2.853,3.954],[-0.2,0.269],[0,0],[-0.211,-0.211],[0,0],[0,0]],"v":[[-17.919,-2.476],[-0.961,7.803],[0.801,9.274],[-6.39,9.67],[17.886,-13.75],[18.01,-13.811],[18.371,-13.377],[-2.086,13.622],[-2.925,13.677],[-18.351,-2.042],[-18.038,-2.52],[-17.919,-2.476]],"c":true}]}]},"nm":"Path 1","hd":false},{"ty":"fl","c":{"a":0,"k":[0.007843137719,0.54509806633,0.203921571374,1]},"o":{"a":0,"k":100},"r":1,"bm":0,"nm":"Fill 1","hd":false},{"ty":"tr","p":{"a":0,"k":[0,0]},"a":{"a":0,"k":[0,0]},"s":{"a":0,"k":[100,100]},"r":{"a":0,"k":0},"o":{"a":0,"k":100},"sk":{"a":0,"k":0},"sa":{"a":0,"k":0},"nm":"Transform"}],"nm":"Group 1","bm":0,"hd":false}],"ip":15,"op":132,"st":22,"ct":1,"bm":0},{"ddd":0,"ind":17,"ty":4,"nm":"check 2","parent":22,"sr":1,"ks":{"o":{"a":1,"k":[{"i":{"x":[0.667],"y":[1]},"o":{"x":[0.333],"y":[0]},"t":43,"s":[100]},{"t":48,"s":[0]}]},"r":{"a":0,"k":0},"p":{"a":0,"k":[665.806,852.341,0]},"a":{"a":0,"k":[0,0,0]},"s":{"a":0,"k":[100,100,100]}},"ao":0,"shapes":[{"ty":"gr","it":[{"ind":0,"ty":"sh","ks":{"a":1,"k":[{"i":{"x":0.833,"y":0.833},"o":{"x":0.38,"y":0},"t":10,"s":[{"i":[[0,0],[-0.03,0.463],[-0.265,-0.274],[0,0],[-0.789,-0.706],[0,0],[0.07,-0.108],[1.146,-1.788],[0.087,0.112],[2.26,2.324],[-0.282,-0.115],[0,0]],"o":[[-0.119,-0.295],[0.337,0.176],[0,0],[1.062,-0.466],[0,0],[0.095,-0.062],[-1.066,1.836],[-0.075,0.125],[0,0],[-0.211,-0.211],[0,0],[0,0]],"v":[[-17.919,-2.476],[-17.196,-3.109],[-16.537,-2.426],[-19.226,-2.242],[-16.692,-2.321],[-16.646,-2.349],[-16.511,-2.148],[-17.616,-0.408],[-17.93,-0.382],[-18.351,-2.042],[-18.038,-2.52],[-17.919,-2.476]],"c":true}]},{"i":{"x":0,"y":1},"o":{"x":0.167,"y":0.167},"t":14,"s":[{"i":[[0,0],[-5.195,-4.117],[-0.708,-0.59],[0,0],[-2.112,-1.52],[0,0],[0.188,-0.233],[3.066,-3.85],[0.234,0.24],[2.26,2.324],[-0.282,-0.115],[0,0]],"o":[[6.26,2.397],[0.719,0.578],[0,0],[3.165,-4.815],[0,0],[0.255,-0.134],[-2.853,3.954],[-0.2,0.269],[0,0],[-0.211,-0.211],[0,0],[0,0]],"v":[[-17.919,-2.476],[-0.961,7.803],[0.801,9.274],[-6.39,9.67],[0.386,9.5],[0.51,9.439],[0.871,9.873],[-2.086,13.622],[-2.925,13.677],[-18.351,-2.042],[-18.038,-2.52],[-17.919,-2.476]],"c":true}]},{"t":20,"s":[{"i":[[0,0],[-5.195,-4.117],[-0.708,-0.59],[0,0],[-10.299,5.418],[0,0],[0.188,-0.233],[3.066,-3.85],[0.234,0.24],[2.26,2.324],[-0.282,-0.115],[0,0]],"o":[[6.26,2.397],[0.719,0.578],[0,0],[6.361,-9.509],[0,0],[0.255,-0.134],[-2.853,3.954],[-0.2,0.269],[0,0],[-0.211,-0.211],[0,0],[0,0]],"v":[[-17.919,-2.476],[-0.961,7.803],[0.801,9.274],[-6.39,9.67],[17.886,-13.75],[18.01,-13.811],[18.371,-13.377],[-2.086,13.622],[-2.925,13.677],[-18.351,-2.042],[-18.038,-2.52],[-17.919,-2.476]],"c":true}]}]},"nm":"Path 1","hd":false},{"ty":"fl","c":{"a":0,"k":[0.007843137719,0.54509806633,0.203921571374,1]},"o":{"a":0,"k":100},"r":1,"bm":0,"nm":"Fill 1","hd":false},{"ty":"tr","p":{"a":0,"k":[0,0]},"a":{"a":0,"k":[0,0]},"s":{"a":0,"k":[100,100]},"r":{"a":0,"k":0},"o":{"a":0,"k":100},"sk":{"a":0,"k":0},"sa":{"a":0,"k":0},"nm":"Transform"}],"nm":"Group 1","bm":0,"hd":false}],"ip":10,"op":83,"st":13,"ct":1,"bm":0},{"ddd":0,"ind":18,"ty":4,"nm":"check","parent":22,"sr":1,"ks":{"o":{"a":1,"k":[{"i":{"x":[0.667],"y":[1]},"o":{"x":[0.333],"y":[0]},"t":46,"s":[100]},{"t":51,"s":[0]}]},"r":{"a":0,"k":0},"p":{"a":0,"k":[593.038,1014.271,0]},"a":{"a":0,"k":[0,0,0]},"s":{"a":0,"k":[100,100,100]}},"ao":0,"shapes":[{"ty":"gr","it":[{"ind":0,"ty":"sh","ks":{"a":1,"k":[{"i":{"x":0.833,"y":0.833},"o":{"x":0.38,"y":0},"t":1,"s":[{"i":[[0,0],[-0.03,0.463],[-0.265,-0.274],[0,0],[-0.789,-0.706],[0,0],[0.07,-0.108],[1.146,-1.788],[0.087,0.112],[2.26,2.324],[-0.282,-0.115],[0,0]],"o":[[-0.119,-0.295],[0.337,0.176],[0,0],[1.062,-0.466],[0,0],[0.095,-0.062],[-1.066,1.836],[-0.075,0.125],[0,0],[-0.211,-0.211],[0,0],[0,0]],"v":[[-17.919,-2.476],[-17.196,-3.109],[-16.537,-2.426],[-19.226,-2.242],[-16.692,-2.321],[-16.646,-2.349],[-16.511,-2.148],[-17.616,-0.408],[-17.93,-0.382],[-18.351,-2.042],[-18.038,-2.52],[-17.919,-2.476]],"c":true}]},{"i":{"x":0,"y":1},"o":{"x":0.167,"y":0.167},"t":5,"s":[{"i":[[0,0],[-5.195,-4.117],[-0.708,-0.59],[0,0],[-2.112,-1.52],[0,0],[0.188,-0.233],[3.066,-3.85],[0.234,0.24],[2.26,2.324],[-0.282,-0.115],[0,0]],"o":[[6.26,2.397],[0.719,0.578],[0,0],[3.165,-4.815],[0,0],[0.255,-0.134],[-2.853,3.954],[-0.2,0.269],[0,0],[-0.211,-0.211],[0,0],[0,0]],"v":[[-17.919,-2.476],[-0.961,7.803],[0.801,9.274],[-6.39,9.67],[0.386,9.5],[0.51,9.439],[0.871,9.873],[-2.086,13.622],[-2.925,13.677],[-18.351,-2.042],[-18.038,-2.52],[-17.919,-2.476]],"c":true}]},{"t":11,"s":[{"i":[[0,0],[-5.195,-4.117],[-0.708,-0.59],[0,0],[-10.299,5.418],[0,0],[0.188,-0.233],[3.066,-3.85],[0.234,0.24],[2.26,2.324],[-0.282,-0.115],[0,0]],"o":[[6.26,2.397],[0.719,0.578],[0,0],[6.361,-9.509],[0,0],[0.255,-0.134],[-2.853,3.954],[-0.2,0.269],[0,0],[-0.211,-0.211],[0,0],[0,0]],"v":[[-17.919,-2.476],[-0.961,7.803],[0.801,9.274],[-6.39,9.67],[17.886,-13.75],[18.01,-13.811],[18.371,-13.377],[-2.086,13.622],[-2.925,13.677],[-18.351,-2.042],[-18.038,-2.52],[-17.919,-2.476]],"c":true}]}]},"nm":"Path 1","hd":false},{"ty":"fl","c":{"a":0,"k":[0.007843137719,0.54509806633,0.203921571374,1]},"o":{"a":0,"k":100},"r":1,"bm":0,"nm":"Fill 1","hd":false},{"ty":"tr","p":{"a":0,"k":[0,0]},"a":{"a":0,"k":[0,0]},"s":{"a":0,"k":[100,100]},"r":{"a":0,"k":0},"o":{"a":0,"k":100},"sk":{"a":0,"k":0},"sa":{"a":0,"k":0},"nm":"Transform"}],"nm":"Group 1","bm":0,"hd":false}],"ip":1,"op":63,"st":0,"ct":1,"bm":0},{"ddd":0,"ind":19,"ty":4,"nm":"cal_4","parent":22,"sr":1,"ks":{"o":{"a":1,"k":[{"i":{"x":[0.667],"y":[1]},"o":{"x":[0.333],"y":[0]},"t":45,"s":[100]},{"t":50,"s":[0]}]},"r":{"a":0,"k":0},"p":{"a":0,"k":[738.576,1014.129,0]},"a":{"a":0,"k":[0,0,0]},"s":{"a":1,"k":[{"i":{"x":[0,0,0],"y":[1,1,1]},"o":{"x":[0.38,0.38,0.38],"y":[0,0,0]},"t":5,"s":[0,0,100]},{"t":14,"s":[100,100,100]}]}},"ao":0,"shapes":[{"ty":"gr","it":[{"ind":0,"ty":"sh","ks":{"a":0,"k":{"i":[[5.156,0],[0,0],[0,5.156],[0,0],[-5.156,0],[0,0],[0,-5.156],[0,0]],"o":[[0,0],[-5.156,0],[0,0],[0,-5.156],[0,0],[5.156,0],[0,0],[0,5.156]],"v":[[3.887,13.222],[-3.887,13.222],[-13.222,3.887],[-13.222,-3.887],[-3.887,-13.222],[3.887,-13.222],[13.222,-3.887],[13.222,3.887]],"c":true}},"nm":"Path 1","hd":false},{"ty":"fl","c":{"a":0,"k":[0.996078431606,0.203921571374,0.337254911661,1]},"o":{"a":0,"k":100},"r":1,"bm":0,"nm":"Fill 1","hd":false},{"ty":"tr","p":{"a":0,"k":[0,0]},"a":{"a":0,"k":[0,0]},"s":{"a":0,"k":[100,100]},"r":{"a":0,"k":0},"o":{"a":0,"k":100},"sk":{"a":0,"k":0},"sa":{"a":0,"k":0},"nm":"Transform"}],"nm":"Group 1","bm":0,"hd":false}],"ip":5,"op":110,"st":0,"ct":1,"bm":0},{"ddd":0,"ind":20,"ty":4,"nm":"cal_3","parent":22,"sr":1,"ks":{"o":{"a":1,"k":[{"i":{"x":[0.667],"y":[1]},"o":{"x":[0.333],"y":[0]},"t":43,"s":[100]},{"t":48,"s":[0]}]},"r":{"a":0,"k":0},"p":{"a":0,"k":[811.346,852.341,0]},"a":{"a":0,"k":[0,0,0]},"s":{"a":1,"k":[{"i":{"x":[0,0,0],"y":[1,1,1]},"o":{"x":[0.38,0.38,0.38],"y":[0,0,0]},"t":13,"s":[0,0,100]},{"t":22,"s":[100,100,100]}]}},"ao":0,"shapes":[{"ty":"gr","it":[{"ind":0,"ty":"sh","ks":{"a":0,"k":{"i":[[5.156,0],[0,0],[0,5.156],[0,0],[-5.156,0],[0,0],[0,-5.156],[0,0]],"o":[[0,0],[-5.156,0],[0,0],[0,-5.156],[0,0],[5.156,0],[0,0],[0,5.156]],"v":[[3.887,13.222],[-3.887,13.222],[-13.222,3.887],[-13.222,-3.887],[-3.887,-13.222],[3.887,-13.222],[13.222,-3.887],[13.222,3.887]],"c":true}},"nm":"Path 1","hd":false},{"ty":"fl","c":{"a":0,"k":[0.996078431606,0.203921571374,0.337254911661,1]},"o":{"a":0,"k":100},"r":1,"bm":0,"nm":"Fill 1","hd":false},{"ty":"tr","p":{"a":0,"k":[0,0]},"a":{"a":0,"k":[0,0]},"s":{"a":0,"k":[100,100]},"r":{"a":0,"k":0},"o":{"a":0,"k":100},"sk":{"a":0,"k":0},"sa":{"a":0,"k":0},"nm":"Transform"}],"nm":"Group 1","bm":0,"hd":false}],"ip":13,"op":64,"st":0,"ct":1,"bm":0},{"ddd":0,"ind":21,"ty":4,"nm":"cal_1","parent":22,"sr":1,"ks":{"o":{"a":1,"k":[{"i":{"x":[0.667],"y":[1]},"o":{"x":[0.333],"y":[0]},"t":41,"s":[100]},{"t":46,"s":[0]}]},"r":{"a":0,"k":0},"p":{"a":0,"k":[665.806,933.235,0]},"a":{"a":0,"k":[0,0,0]},"s":{"a":1,"k":[{"i":{"x":[0,0,0],"y":[1,1,1]},"o":{"x":[0.38,0.38,0.38],"y":[0,0,0]},"t":0,"s":[0,0,100]},{"t":9,"s":[100,100,100]}]}},"ao":0,"shapes":[{"ty":"gr","it":[{"ind":0,"ty":"sh","ks":{"a":0,"k":{"i":[[5.156,0],[0,0],[0,5.156],[0,0],[-5.156,0],[0,0],[0,-5.156],[0,0]],"o":[[0,0],[-5.156,0],[0,0],[0,-5.156],[0,0],[5.156,0],[0,0],[0,5.156]],"v":[[3.887,13.222],[-3.887,13.222],[-13.222,3.887],[-13.222,-3.887],[-3.887,-13.222],[3.887,-13.222],[13.222,-3.887],[13.222,3.887]],"c":true}},"nm":"Path 1","hd":false},{"ty":"fl","c":{"a":0,"k":[0.996078431606,0.203921571374,0.337254911661,1]},"o":{"a":0,"k":100},"r":1,"bm":0,"nm":"Fill 1","hd":false},{"ty":"tr","p":{"a":0,"k":[0,0]},"a":{"a":0,"k":[0,0]},"s":{"a":0,"k":[100,100]},"r":{"a":0,"k":0},"o":{"a":0,"k":100},"sk":{"a":0,"k":0},"sa":{"a":0,"k":0},"nm":"Transform"}],"nm":"Group 1","bm":0,"hd":false}],"ip":0,"op":63,"st":0,"ct":1,"bm":0},{"ddd":0,"ind":22,"ty":4,"nm":"calendar","sr":1,"ks":{"o":{"a":0,"k":100},"r":{"a":0,"k":0},"p":{"a":0,"k":[682.177,899.048,0]},"a":{"a":0,"k":[682.177,899.048,0]},"s":{"a":0,"k":[100,100,100]}},"ao":0,"shapes":[{"ty":"gr","it":[{"ty":"gr","it":[{"ty":"gr","it":[{"ty":"gr","it":[{"ind":0,"ty":"sh","ks":{"a":0,"k":{"i":[[2.877,0],[0,0],[0,2.877],[0,0],[-2.877,0],[0,0],[0,-2.877],[0,0]],"o":[[0,0],[-2.877,0],[0,0],[0,-2.877],[0,0],[2.877,0],[0,0],[0,2.877]],"v":[[21.847,27.057],[-21.847,27.057],[-27.057,21.847],[-27.057,-21.847],[-21.847,-27.057],[21.847,-27.057],[27.057,-21.847],[27.057,21.847]],"c":true}},"nm":"Path 1","hd":false},{"ty":"fl","c":{"a":0,"k":[0.937254905701,0.89411765337,0.709803938866,1]},"o":{"a":0,"k":100},"r":1,"bm":0,"nm":"Fill 1","hd":false},{"ty":"tr","p":{"a":0,"k":[520.265,1014.129]},"a":{"a":0,"k":[0,0]},"s":{"a":0,"k":[100,100]},"r":{"a":0,"k":0},"o":{"a":0,"k":100},"sk":{"a":0,"k":0},"sa":{"a":0,"k":0},"nm":"Transform"}],"nm":"Group 1","bm":0,"hd":false},{"ty":"gr","it":[{"ind":0,"ty":"sh","ks":{"a":0,"k":{"i":[[2.877,0],[0,0],[0,2.877],[0,0],[-2.877,0],[0,0],[0,-2.877],[0,0]],"o":[[0,0],[-2.877,0],[0,0],[0,-2.877],[0,0],[2.877,0],[0,0],[0,2.877]],"v":[[21.847,27.057],[-21.847,27.057],[-27.057,21.847],[-27.057,-21.847],[-21.847,-27.057],[21.847,-27.057],[27.057,-21.847],[27.057,21.847]],"c":true}},"nm":"Path 1","hd":false},{"ty":"fl","c":{"a":0,"k":[0.937254905701,0.89411765337,0.709803938866,1]},"o":{"a":0,"k":100},"r":1,"bm":0,"nm":"Fill 1","hd":false},{"ty":"tr","p":{"a":0,"k":[593.035,1014.129]},"a":{"a":0,"k":[0,0]},"s":{"a":0,"k":[100,100]},"r":{"a":0,"k":0},"o":{"a":0,"k":100},"sk":{"a":0,"k":0},"sa":{"a":0,"k":0},"nm":"Transform"}],"nm":"Group 2","bm":0,"hd":false},{"ty":"gr","it":[{"ind":0,"ty":"sh","ks":{"a":0,"k":{"i":[[2.877,0],[0,0],[0,2.877],[0,0],[-2.877,0],[0,0],[0,-2.877],[0,0]],"o":[[0,0],[-2.877,0],[0,0],[0,-2.877],[0,0],[2.877,0],[0,0],[0,2.877]],"v":[[21.847,27.057],[-21.847,27.057],[-27.057,21.847],[-27.057,-21.847],[-21.847,-27.057],[21.847,-27.057],[27.057,-21.847],[27.057,21.847]],"c":true}},"nm":"Path 1","hd":false},{"ty":"fl","c":{"a":0,"k":[0.937254905701,0.89411765337,0.709803938866,1]},"o":{"a":0,"k":100},"r":1,"bm":0,"nm":"Fill 1","hd":false},{"ty":"tr","p":{"a":0,"k":[665.806,1014.129]},"a":{"a":0,"k":[0,0]},"s":{"a":0,"k":[100,100]},"r":{"a":0,"k":0},"o":{"a":0,"k":100},"sk":{"a":0,"k":0},"sa":{"a":0,"k":0},"nm":"Transform"}],"nm":"Group 3","bm":0,"hd":false},{"ty":"gr","it":[{"ind":0,"ty":"sh","ks":{"a":0,"k":{"i":[[2.877,0],[0,0],[0,2.877],[0,0],[-2.877,0],[0,0],[0,-2.877],[0,0]],"o":[[0,0],[-2.877,0],[0,0],[0,-2.877],[0,0],[2.877,0],[0,0],[0,2.877]],"v":[[21.847,27.057],[-21.847,27.057],[-27.057,21.847],[-27.057,-21.847],[-21.847,-27.057],[21.847,-27.057],[27.057,-21.847],[27.057,21.847]],"c":true}},"nm":"Path 1","hd":false},{"ty":"fl","c":{"a":0,"k":[0.937254905701,0.89411765337,0.709803938866,1]},"o":{"a":0,"k":100},"r":1,"bm":0,"nm":"Fill 1","hd":false},{"ty":"tr","p":{"a":0,"k":[738.576,1014.129]},"a":{"a":0,"k":[0,0]},"s":{"a":0,"k":[100,100]},"r":{"a":0,"k":0},"o":{"a":0,"k":100},"sk":{"a":0,"k":0},"sa":{"a":0,"k":0},"nm":"Transform"}],"nm":"Group 4","bm":0,"hd":false},{"ty":"gr","it":[{"ind":0,"ty":"sh","ks":{"a":0,"k":{"i":[[2.877,0],[0,0],[0,2.877],[0,0],[-2.877,0],[0,0],[0,-2.877],[0,0]],"o":[[0,0],[-2.877,0],[0,0],[0,-2.877],[0,0],[2.877,0],[0,0],[0,2.877]],"v":[[21.847,27.057],[-21.847,27.057],[-27.057,21.847],[-27.057,-21.847],[-21.847,-27.057],[21.847,-27.057],[27.057,-21.847],[27.057,21.847]],"c":true}},"nm":"Path 1","hd":false},{"ty":"fl","c":{"a":0,"k":[0.937254905701,0.89411765337,0.709803938866,1]},"o":{"a":0,"k":100},"r":1,"bm":0,"nm":"Fill 1","hd":false},{"ty":"tr","p":{"a":0,"k":[811.346,1014.129]},"a":{"a":0,"k":[0,0]},"s":{"a":0,"k":[100,100]},"r":{"a":0,"k":0},"o":{"a":0,"k":100},"sk":{"a":0,"k":0},"sa":{"a":0,"k":0},"nm":"Transform"}],"nm":"Group 5","bm":0,"hd":false},{"ty":"tr","p":{"a":0,"k":[811.346,1014.129]},"a":{"a":0,"k":[811.346,1014.129]},"s":{"a":0,"k":[100,100]},"r":{"a":0,"k":0},"o":{"a":0,"k":100},"sk":{"a":0,"k":0},"sa":{"a":0,"k":0},"nm":"Transform"}],"nm":"Group 1","bm":0,"hd":false},{"ty":"gr","it":[{"ty":"gr","it":[{"ind":0,"ty":"sh","ks":{"a":0,"k":{"i":[[2.877,0],[0,0],[0,2.877],[0,0],[-2.877,0],[0,0],[0,-2.877],[0,0]],"o":[[0,0],[-2.877,0],[0,0],[0,-2.877],[0,0],[2.877,0],[0,0],[0,2.877]],"v":[[21.847,27.057],[-21.847,27.057],[-27.057,21.847],[-27.057,-21.847],[-21.847,-27.057],[21.847,-27.057],[27.057,-21.847],[27.057,21.847]],"c":true}},"nm":"Path 1","hd":false},{"ty":"fl","c":{"a":0,"k":[0.937254905701,0.89411765337,0.709803938866,1]},"o":{"a":0,"k":100},"r":1,"bm":0,"nm":"Fill 1","hd":false},{"ty":"tr","p":{"a":0,"k":[520.265,933.235]},"a":{"a":0,"k":[0,0]},"s":{"a":0,"k":[100,100]},"r":{"a":0,"k":0},"o":{"a":0,"k":100},"sk":{"a":0,"k":0},"sa":{"a":0,"k":0},"nm":"Transform"}],"nm":"Group 1","bm":0,"hd":false},{"ty":"gr","it":[{"ind":0,"ty":"sh","ks":{"a":0,"k":{"i":[[2.877,0],[0,0],[0,2.877],[0,0],[-2.877,0],[0,0],[0,-2.877],[0,0]],"o":[[0,0],[-2.877,0],[0,0],[0,-2.877],[0,0],[2.877,0],[0,0],[0,2.877]],"v":[[21.847,27.057],[-21.847,27.057],[-27.057,21.847],[-27.057,-21.847],[-21.847,-27.057],[21.847,-27.057],[27.057,-21.847],[27.057,21.847]],"c":true}},"nm":"Path 1","hd":false},{"ty":"fl","c":{"a":0,"k":[0.937254905701,0.89411765337,0.709803938866,1]},"o":{"a":0,"k":100},"r":1,"bm":0,"nm":"Fill 1","hd":false},{"ty":"tr","p":{"a":0,"k":[593.035,933.235]},"a":{"a":0,"k":[0,0]},"s":{"a":0,"k":[100,100]},"r":{"a":0,"k":0},"o":{"a":0,"k":100},"sk":{"a":0,"k":0},"sa":{"a":0,"k":0},"nm":"Transform"}],"nm":"Group 2","bm":0,"hd":false},{"ty":"gr","it":[{"ind":0,"ty":"sh","ks":{"a":0,"k":{"i":[[2.877,0],[0,0],[0,2.877],[0,0],[-2.877,0],[0,0],[0,-2.877],[0,0]],"o":[[0,0],[-2.877,0],[0,0],[0,-2.877],[0,0],[2.877,0],[0,0],[0,2.877]],"v":[[21.847,27.057],[-21.847,27.057],[-27.057,21.847],[-27.057,-21.847],[-21.847,-27.057],[21.847,-27.057],[27.057,-21.847],[27.057,21.847]],"c":true}},"nm":"Path 1","hd":false},{"ty":"fl","c":{"a":0,"k":[0.937254905701,0.89411765337,0.709803938866,1]},"o":{"a":0,"k":100},"r":1,"bm":0,"nm":"Fill 1","hd":false},{"ty":"tr","p":{"a":0,"k":[665.806,933.235]},"a":{"a":0,"k":[0,0]},"s":{"a":0,"k":[100,100]},"r":{"a":0,"k":0},"o":{"a":0,"k":100},"sk":{"a":0,"k":0},"sa":{"a":0,"k":0},"nm":"Transform"}],"nm":"Group 3","bm":0,"hd":false},{"ty":"gr","it":[{"ind":0,"ty":"sh","ks":{"a":0,"k":{"i":[[2.877,0],[0,0],[0,2.877],[0,0],[-2.877,0],[0,0],[0,-2.877],[0,0]],"o":[[0,0],[-2.877,0],[0,0],[0,-2.877],[0,0],[2.877,0],[0,0],[0,2.877]],"v":[[21.847,27.057],[-21.847,27.057],[-27.057,21.847],[-27.057,-21.847],[-21.847,-27.057],[21.847,-27.057],[27.057,-21.847],[27.057,21.847]],"c":true}},"nm":"Path 1","hd":false},{"ty":"fl","c":{"a":0,"k":[0.937254905701,0.89411765337,0.709803938866,1]},"o":{"a":0,"k":100},"r":1,"bm":0,"nm":"Fill 1","hd":false},{"ty":"tr","p":{"a":0,"k":[738.576,933.235]},"a":{"a":0,"k":[0,0]},"s":{"a":0,"k":[100,100]},"r":{"a":0,"k":0},"o":{"a":0,"k":100},"sk":{"a":0,"k":0},"sa":{"a":0,"k":0},"nm":"Transform"}],"nm":"Group 4","bm":0,"hd":false},{"ty":"gr","it":[{"ind":0,"ty":"sh","ks":{"a":0,"k":{"i":[[2.877,0],[0,0],[0,2.877],[0,0],[-2.877,0],[0,0],[0,-2.877],[0,0]],"o":[[0,0],[-2.877,0],[0,0],[0,-2.877],[0,0],[2.877,0],[0,0],[0,2.877]],"v":[[21.847,27.057],[-21.847,27.057],[-27.057,21.847],[-27.057,-21.847],[-21.847,-27.057],[21.847,-27.057],[27.057,-21.847],[27.057,21.847]],"c":true}},"nm":"Path 1","hd":false},{"ty":"fl","c":{"a":0,"k":[0.937254905701,0.89411765337,0.709803938866,1]},"o":{"a":0,"k":100},"r":1,"bm":0,"nm":"Fill 1","hd":false},{"ty":"tr","p":{"a":0,"k":[811.346,933.235]},"a":{"a":0,"k":[0,0]},"s":{"a":0,"k":[100,100]},"r":{"a":0,"k":0},"o":{"a":0,"k":100},"sk":{"a":0,"k":0},"sa":{"a":0,"k":0},"nm":"Transform"}],"nm":"Group 5","bm":0,"hd":false},{"ty":"tr","p":{"a":0,"k":[811.346,933.235]},"a":{"a":0,"k":[811.346,933.235]},"s":{"a":0,"k":[100,100]},"r":{"a":0,"k":0},"o":{"a":0,"k":100},"sk":{"a":0,"k":0},"sa":{"a":0,"k":0},"nm":"Transform"}],"nm":"Group 2","bm":0,"hd":false},{"ty":"gr","it":[{"ty":"gr","it":[{"ind":0,"ty":"sh","ks":{"a":0,"k":{"i":[[2.877,0],[0,0],[0,2.877],[0,0],[-2.877,0],[0,0],[0,-2.877],[0,0]],"o":[[0,0],[-2.877,0],[0,0],[0,-2.877],[0,0],[2.877,0],[0,0],[0,2.877]],"v":[[21.847,27.057],[-21.847,27.057],[-27.057,21.847],[-27.057,-21.847],[-21.847,-27.057],[21.847,-27.057],[27.057,-21.847],[27.057,21.847]],"c":true}},"nm":"Path 1","hd":false},{"ty":"fl","c":{"a":0,"k":[0.937254905701,0.89411765337,0.709803938866,1]},"o":{"a":0,"k":100},"r":1,"bm":0,"nm":"Fill 1","hd":false},{"ty":"tr","p":{"a":0,"k":[520.265,852.341]},"a":{"a":0,"k":[0,0]},"s":{"a":0,"k":[100,100]},"r":{"a":0,"k":0},"o":{"a":0,"k":100},"sk":{"a":0,"k":0},"sa":{"a":0,"k":0},"nm":"Transform"}],"nm":"Group 1","bm":0,"hd":false},{"ty":"gr","it":[{"ind":0,"ty":"sh","ks":{"a":0,"k":{"i":[[2.877,0],[0,0],[0,2.877],[0,0],[-2.877,0],[0,0],[0,-2.877],[0,0]],"o":[[0,0],[-2.877,0],[0,0],[0,-2.877],[0,0],[2.877,0],[0,0],[0,2.877]],"v":[[21.847,27.057],[-21.847,27.057],[-27.057,21.847],[-27.057,-21.847],[-21.847,-27.057],[21.847,-27.057],[27.057,-21.847],[27.057,21.847]],"c":true}},"nm":"Path 1","hd":false},{"ty":"fl","c":{"a":0,"k":[0.937254905701,0.89411765337,0.709803938866,1]},"o":{"a":0,"k":100},"r":1,"bm":0,"nm":"Fill 1","hd":false},{"ty":"tr","p":{"a":0,"k":[593.035,852.341]},"a":{"a":0,"k":[0,0]},"s":{"a":0,"k":[100,100]},"r":{"a":0,"k":0},"o":{"a":0,"k":100},"sk":{"a":0,"k":0},"sa":{"a":0,"k":0},"nm":"Transform"}],"nm":"Group 2","bm":0,"hd":false},{"ty":"gr","it":[{"ind":0,"ty":"sh","ks":{"a":0,"k":{"i":[[2.877,0],[0,0],[0,2.877],[0,0],[-2.877,0],[0,0],[0,-2.877],[0,0]],"o":[[0,0],[-2.877,0],[0,0],[0,-2.877],[0,0],[2.877,0],[0,0],[0,2.877]],"v":[[21.847,27.057],[-21.847,27.057],[-27.057,21.847],[-27.057,-21.847],[-21.847,-27.057],[21.847,-27.057],[27.057,-21.847],[27.057,21.847]],"c":true}},"nm":"Path 1","hd":false},{"ty":"fl","c":{"a":0,"k":[0.937254905701,0.89411765337,0.709803938866,1]},"o":{"a":0,"k":100},"r":1,"bm":0,"nm":"Fill 1","hd":false},{"ty":"tr","p":{"a":0,"k":[665.806,852.341]},"a":{"a":0,"k":[0,0]},"s":{"a":0,"k":[100,100]},"r":{"a":0,"k":0},"o":{"a":0,"k":100},"sk":{"a":0,"k":0},"sa":{"a":0,"k":0},"nm":"Transform"}],"nm":"Group 3","bm":0,"hd":false},{"ty":"gr","it":[{"ind":0,"ty":"sh","ks":{"a":0,"k":{"i":[[2.877,0],[0,0],[0,2.877],[0,0],[-2.877,0],[0,0],[0,-2.877],[0,0]],"o":[[0,0],[-2.877,0],[0,0],[0,-2.877],[0,0],[2.877,0],[0,0],[0,2.877]],"v":[[21.847,27.057],[-21.847,27.057],[-27.057,21.847],[-27.057,-21.847],[-21.847,-27.057],[21.847,-27.057],[27.057,-21.847],[27.057,21.847]],"c":true}},"nm":"Path 1","hd":false},{"ty":"fl","c":{"a":0,"k":[0.937254905701,0.89411765337,0.709803938866,1]},"o":{"a":0,"k":100},"r":1,"bm":0,"nm":"Fill 1","hd":false},{"ty":"tr","p":{"a":0,"k":[738.576,852.341]},"a":{"a":0,"k":[0,0]},"s":{"a":0,"k":[100,100]},"r":{"a":0,"k":0},"o":{"a":0,"k":100},"sk":{"a":0,"k":0},"sa":{"a":0,"k":0},"nm":"Transform"}],"nm":"Group 4","bm":0,"hd":false},{"ty":"gr","it":[{"ind":0,"ty":"sh","ks":{"a":0,"k":{"i":[[2.877,0],[0,0],[0,2.877],[0,0],[-2.877,0],[0,0],[0,-2.877],[0,0]],"o":[[0,0],[-2.877,0],[0,0],[0,-2.877],[0,0],[2.877,0],[0,0],[0,2.877]],"v":[[21.847,27.057],[-21.847,27.057],[-27.057,21.847],[-27.057,-21.847],[-21.847,-27.057],[21.847,-27.057],[27.057,-21.847],[27.057,21.847]],"c":true}},"nm":"Path 1","hd":false},{"ty":"fl","c":{"a":0,"k":[0.937254905701,0.89411765337,0.709803938866,1]},"o":{"a":0,"k":100},"r":1,"bm":0,"nm":"Fill 1","hd":false},{"ty":"tr","p":{"a":0,"k":[811.346,852.341]},"a":{"a":0,"k":[0,0]},"s":{"a":0,"k":[100,100]},"r":{"a":0,"k":0},"o":{"a":0,"k":100},"sk":{"a":0,"k":0},"sa":{"a":0,"k":0},"nm":"Transform"}],"nm":"Group 5","bm":0,"hd":false},{"ty":"tr","p":{"a":0,"k":[811.346,852.341]},"a":{"a":0,"k":[811.346,852.341]},"s":{"a":0,"k":[100,100]},"r":{"a":0,"k":0},"o":{"a":0,"k":100},"sk":{"a":0,"k":0},"sa":{"a":0,"k":0},"nm":"Transform"}],"nm":"Group 3","bm":0,"hd":false},{"ty":"tr","p":{"a":0,"k":[811.346,852.341]},"a":{"a":0,"k":[811.346,852.341]},"s":{"a":0,"k":[100,100]},"r":{"a":0,"k":0},"o":{"a":0,"k":100},"sk":{"a":0,"k":0},"sa":{"a":0,"k":0},"nm":"Transform"}],"nm":"Group 1","bm":0,"hd":false},{"ty":"gr","it":[{"ty":"gr","it":[{"ty":"gr","it":[{"ind":0,"ty":"sh","ks":{"a":0,"k":{"i":[[4.982,0],[0,0],[0,4.982],[0,0],[-4.982,0],[0,0],[0,-4.982],[0,0]],"o":[[0,0],[-4.982,0],[0,0],[0,-4.982],[0,0],[4.982,0],[0,0],[0,4.982]],"v":[[3.756,36.132],[-3.756,36.132],[-12.776,27.112],[-12.776,-27.112],[-3.756,-36.132],[3.756,-36.132],[12.776,-27.112],[12.776,27.112]],"c":true}},"nm":"Path 1","hd":false},{"ty":"fl","c":{"a":0,"k":[0.274509817362,0.51372551918,0.92549020052,1]},"o":{"a":0,"k":100},"r":1,"bm":0,"nm":"Fill 1","hd":false},{"ty":"tr","p":{"a":0,"k":[512.954,744.666]},"a":{"a":0,"k":[0,0]},"s":{"a":0,"k":[100,100]},"r":{"a":0,"k":0},"o":{"a":0,"k":100},"sk":{"a":0,"k":0},"sa":{"a":0,"k":0},"nm":"Transform"}],"nm":"Group 1","bm":0,"hd":false},{"ty":"gr","it":[{"ind":0,"ty":"sh","ks":{"a":0,"k":{"i":[[0,-8.434],[8.434,0],[0,8.434],[-8.434,0]],"o":[[0,8.434],[-8.434,0],[0,-8.434],[8.434,0]],"v":[[15.271,0],[0,15.271],[-15.271,0],[0,-15.271]],"c":true}},"nm":"Path 1","hd":false},{"ty":"fl","c":{"a":0,"k":[0.125,0.067,0.412]},"o":{"a":0,"k":100},"r":1,"bm":0,"nm":"Fill 1","hd":false},{"ty":"tr","p":{"a":0,"k":[512.954,773.915]},"a":{"a":0,"k":[0,0]},"s":{"a":0,"k":[100,100]},"r":{"a":0,"k":0},"o":{"a":0,"k":100},"sk":{"a":0,"k":0},"sa":{"a":0,"k":0},"nm":"Transform"}],"nm":"Group 2","bm":0,"hd":false},{"ty":"tr","p":{"a":0,"k":[512.954,773.915]},"a":{"a":0,"k":[512.954,773.915]},"s":{"a":0,"k":[100,100]},"r":{"a":0,"k":0},"o":{"a":0,"k":100},"sk":{"a":0,"k":0},"sa":{"a":0,"k":0},"nm":"Transform"}],"nm":"Group 1","bm":0,"hd":false},{"ty":"gr","it":[{"ty":"gr","it":[{"ind":0,"ty":"sh","ks":{"a":0,"k":{"i":[[4.982,0],[0,0],[0,4.982],[0,0],[-4.982,0],[0,0],[0,-4.982],[0,0]],"o":[[0,0],[-4.982,0],[0,0],[0,-4.982],[0,0],[4.982,0],[0,0],[0,4.982]],"v":[[3.756,36.132],[-3.756,36.132],[-12.776,27.112],[-12.776,-27.112],[-3.756,-36.132],[3.756,-36.132],[12.776,-27.112],[12.776,27.112]],"c":true}},"nm":"Path 1","hd":false},{"ty":"fl","c":{"a":0,"k":[0.274509817362,0.51372551918,0.92549020052,1]},"o":{"a":0,"k":100},"r":1,"bm":0,"nm":"Fill 1","hd":false},{"ty":"tr","p":{"a":0,"k":[589.38,744.666]},"a":{"a":0,"k":[0,0]},"s":{"a":0,"k":[100,100]},"r":{"a":0,"k":0},"o":{"a":0,"k":100},"sk":{"a":0,"k":0},"sa":{"a":0,"k":0},"nm":"Transform"}],"nm":"Group 1","bm":0,"hd":false},{"ty":"gr","it":[{"ind":0,"ty":"sh","ks":{"a":0,"k":{"i":[[0,-8.434],[8.434,0],[0,8.434],[-8.434,0]],"o":[[0,8.434],[-8.434,0],[0,-8.434],[8.434,0]],"v":[[15.271,0],[0,15.271],[-15.271,0],[0,-15.271]],"c":true}},"nm":"Path 1","hd":false},{"ty":"fl","c":{"a":0,"k":[0.125,0.067,0.412]},"o":{"a":0,"k":100},"r":1,"bm":0,"nm":"Fill 1","hd":false},{"ty":"tr","p":{"a":0,"k":[589.38,773.915]},"a":{"a":0,"k":[0,0]},"s":{"a":0,"k":[100,100]},"r":{"a":0,"k":0},"o":{"a":0,"k":100},"sk":{"a":0,"k":0},"sa":{"a":0,"k":0},"nm":"Transform"}],"nm":"Group 2","bm":0,"hd":false},{"ty":"tr","p":{"a":0,"k":[589.38,773.915]},"a":{"a":0,"k":[589.38,773.915]},"s":{"a":0,"k":[100,100]},"r":{"a":0,"k":0},"o":{"a":0,"k":100},"sk":{"a":0,"k":0},"sa":{"a":0,"k":0},"nm":"Transform"}],"nm":"Group 2","bm":0,"hd":false},{"ty":"gr","it":[{"ty":"gr","it":[{"ind":0,"ty":"sh","ks":{"a":0,"k":{"i":[[4.982,0],[0,0],[0,4.982],[0,0],[-4.982,0],[0,0],[0,-4.982],[0,0]],"o":[[0,0],[-4.982,0],[0,0],[0,-4.982],[0,0],[4.982,0],[0,0],[0,4.982]],"v":[[3.756,36.132],[-3.756,36.132],[-12.776,27.112],[-12.776,-27.112],[-3.756,-36.132],[3.756,-36.132],[12.776,-27.112],[12.776,27.112]],"c":true}},"nm":"Path 1","hd":false},{"ty":"fl","c":{"a":0,"k":[0.274509817362,0.51372551918,0.92549020052,1]},"o":{"a":0,"k":100},"r":1,"bm":0,"nm":"Fill 1","hd":false},{"ty":"tr","p":{"a":0,"k":[665.806,744.666]},"a":{"a":0,"k":[0,0]},"s":{"a":0,"k":[100,100]},"r":{"a":0,"k":0},"o":{"a":0,"k":100},"sk":{"a":0,"k":0},"sa":{"a":0,"k":0},"nm":"Transform"}],"nm":"Group 1","bm":0,"hd":false},{"ty":"gr","it":[{"ind":0,"ty":"sh","ks":{"a":0,"k":{"i":[[0,-8.434],[8.434,0],[0,8.434],[-8.434,0]],"o":[[0,8.434],[-8.434,0],[0,-8.434],[8.434,0]],"v":[[15.271,0],[0,15.271],[-15.271,0],[0,-15.271]],"c":true}},"nm":"Path 1","hd":false},{"ty":"fl","c":{"a":0,"k":[0.125,0.067,0.412]},"o":{"a":0,"k":100},"r":1,"bm":0,"nm":"Fill 1","hd":false},{"ty":"tr","p":{"a":0,"k":[665.806,773.915]},"a":{"a":0,"k":[0,0]},"s":{"a":0,"k":[100,100]},"r":{"a":0,"k":0},"o":{"a":0,"k":100},"sk":{"a":0,"k":0},"sa":{"a":0,"k":0},"nm":"Transform"}],"nm":"Group 2","bm":0,"hd":false},{"ty":"tr","p":{"a":0,"k":[665.806,773.915]},"a":{"a":0,"k":[665.806,773.915]},"s":{"a":0,"k":[100,100]},"r":{"a":0,"k":0},"o":{"a":0,"k":100},"sk":{"a":0,"k":0},"sa":{"a":0,"k":0},"nm":"Transform"}],"nm":"Group 3","bm":0,"hd":false},{"ty":"gr","it":[{"ty":"gr","it":[{"ind":0,"ty":"sh","ks":{"a":0,"k":{"i":[[4.982,0],[0,0],[0,4.982],[0,0],[-4.982,0],[0,0],[0,-4.982],[0,0]],"o":[[0,0],[-4.982,0],[0,0],[0,-4.982],[0,0],[4.982,0],[0,0],[0,4.982]],"v":[[3.756,36.132],[-3.756,36.132],[-12.776,27.112],[-12.776,-27.112],[-3.756,-36.132],[3.756,-36.132],[12.776,-27.112],[12.776,27.112]],"c":true}},"nm":"Path 1","hd":false},{"ty":"fl","c":{"a":0,"k":[0.274509817362,0.51372551918,0.92549020052,1]},"o":{"a":0,"k":100},"r":1,"bm":0,"nm":"Fill 1","hd":false},{"ty":"tr","p":{"a":0,"k":[742.232,744.666]},"a":{"a":0,"k":[0,0]},"s":{"a":0,"k":[100,100]},"r":{"a":0,"k":0},"o":{"a":0,"k":100},"sk":{"a":0,"k":0},"sa":{"a":0,"k":0},"nm":"Transform"}],"nm":"Group 1","bm":0,"hd":false},{"ty":"gr","it":[{"ind":0,"ty":"sh","ks":{"a":0,"k":{"i":[[0,-8.434],[8.434,0],[0,8.434],[-8.434,0]],"o":[[0,8.434],[-8.434,0],[0,-8.434],[8.434,0]],"v":[[15.271,0],[0,15.271],[-15.271,0],[0,-15.271]],"c":true}},"nm":"Path 1","hd":false},{"ty":"fl","c":{"a":0,"k":[0.125,0.067,0.412]},"o":{"a":0,"k":100},"r":1,"bm":0,"nm":"Fill 1","hd":false},{"ty":"tr","p":{"a":0,"k":[742.232,773.915]},"a":{"a":0,"k":[0,0]},"s":{"a":0,"k":[100,100]},"r":{"a":0,"k":0},"o":{"a":0,"k":100},"sk":{"a":0,"k":0},"sa":{"a":0,"k":0},"nm":"Transform"}],"nm":"Group 2","bm":0,"hd":false},{"ty":"tr","p":{"a":0,"k":[742.232,773.915]},"a":{"a":0,"k":[742.232,773.915]},"s":{"a":0,"k":[100,100]},"r":{"a":0,"k":0},"o":{"a":0,"k":100},"sk":{"a":0,"k":0},"sa":{"a":0,"k":0},"nm":"Transform"}],"nm":"Group 4","bm":0,"hd":false},{"ty":"gr","it":[{"ty":"gr","it":[{"ind":0,"ty":"sh","ks":{"a":0,"k":{"i":[[4.982,0],[0,0],[0,4.982],[0,0],[-4.982,0],[0,0],[0,-4.982],[0,0]],"o":[[0,0],[-4.982,0],[0,0],[0,-4.982],[0,0],[4.982,0],[0,0],[0,4.982]],"v":[[3.756,36.132],[-3.756,36.132],[-12.776,27.112],[-12.776,-27.112],[-3.756,-36.132],[3.756,-36.132],[12.776,-27.112],[12.776,27.112]],"c":true}},"nm":"Path 1","hd":false},{"ty":"fl","c":{"a":0,"k":[0.274509817362,0.51372551918,0.92549020052,1]},"o":{"a":0,"k":100},"r":1,"bm":0,"nm":"Fill 1","hd":false},{"ty":"tr","p":{"a":0,"k":[818.658,744.666]},"a":{"a":0,"k":[0,0]},"s":{"a":0,"k":[100,100]},"r":{"a":0,"k":0},"o":{"a":0,"k":100},"sk":{"a":0,"k":0},"sa":{"a":0,"k":0},"nm":"Transform"}],"nm":"Group 1","bm":0,"hd":false},{"ty":"gr","it":[{"ind":0,"ty":"sh","ks":{"a":0,"k":{"i":[[0,-8.434],[8.434,0],[0,8.434],[-8.434,0]],"o":[[0,8.434],[-8.434,0],[0,-8.434],[8.434,0]],"v":[[15.271,0],[0,15.271],[-15.271,0],[0,-15.271]],"c":true}},"nm":"Path 1","hd":false},{"ty":"fl","c":{"a":0,"k":[0.125,0.067,0.412]},"o":{"a":0,"k":100},"r":1,"bm":0,"nm":"Fill 1","hd":false},{"ty":"tr","p":{"a":0,"k":[818.658,773.915]},"a":{"a":0,"k":[0,0]},"s":{"a":0,"k":[100,100]},"r":{"a":0,"k":0},"o":{"a":0,"k":100},"sk":{"a":0,"k":0},"sa":{"a":0,"k":0},"nm":"Transform"}],"nm":"Group 2","bm":0,"hd":false},{"ty":"tr","p":{"a":0,"k":[818.658,773.915]},"a":{"a":0,"k":[818.658,773.915]},"s":{"a":0,"k":[100,100]},"r":{"a":0,"k":0},"o":{"a":0,"k":100},"sk":{"a":0,"k":0},"sa":{"a":0,"k":0},"nm":"Transform"}],"nm":"Group 5","bm":0,"hd":false},{"ty":"tr","p":{"a":0,"k":[818.658,773.915]},"a":{"a":0,"k":[818.658,773.915]},"s":{"a":0,"k":[100,100]},"r":{"a":0,"k":0},"o":{"a":0,"k":100},"sk":{"a":0,"k":0},"sa":{"a":0,"k":0},"nm":"Transform"}],"nm":"Group 2","bm":0,"hd":false},{"ty":"gr","it":[{"ind":0,"ty":"sh","ks":{"a":0,"k":{"i":[[0,0],[0,0],[0,0],[0,0]],"o":[[0,0],[0,0],[0,0],[0,0]],"v":[[221.766,177.665],[-221.766,177.665],[-221.766,-177.665],[221.766,-177.665]],"c":true}},"nm":"Path 1","hd":false},{"ty":"st","c":{"a":0,"k":[0.125,0.067,0.412]},"o":{"a":0,"k":100},"w":{"a":0,"k":1.7},"lc":2,"lj":2,"bm":0,"nm":"Stroke 1","hd":false},{"ty":"fl","c":{"a":0,"k":[1,1,1,1]},"o":{"a":0,"k":100},"r":1,"bm":0,"nm":"Fill 1","hd":false},{"ty":"tr","p":{"a":0,"k":[665.806,911.897]},"a":{"a":0,"k":[0,0]},"s":{"a":0,"k":[100,100]},"r":{"a":0,"k":0},"o":{"a":0,"k":100},"sk":{"a":0,"k":0},"sa":{"a":0,"k":0},"nm":"Transform"}],"nm":"Group 3","bm":0,"hd":false},{"ty":"tr","p":{"a":0,"k":[665.806,911.897]},"a":{"a":0,"k":[665.806,911.897]},"s":{"a":0,"k":[100,100]},"r":{"a":0,"k":0},"o":{"a":0,"k":100},"sk":{"a":0,"k":0},"sa":{"a":0,"k":0},"nm":"Transform"}],"nm":"calendar","bm":0,"hd":false},{"ty":"gr","it":[{"ind":0,"ty":"sh","ks":{"a":0,"k":{"i":[[0,0],[0,0],[0,0]],"o":[[0,0],[0,0],[0,0]],"v":[[11.698,-177.665],[44.441,177.665],[-44.441,177.665]],"c":true}},"nm":"Path 1","hd":false},{"ty":"st","c":{"a":0,"k":[0.125,0.067,0.412]},"o":{"a":0,"k":100},"w":{"a":0,"k":1.7},"lc":2,"lj":2,"bm":0,"nm":"Stroke 1","hd":false},{"ty":"fl","c":{"a":0,"k":[0.125,0.067,0.412]},"o":{"a":0,"k":100},"r":1,"bm":0,"nm":"Fill 1","hd":false},{"ty":"tr","p":{"a":0,"k":[875.874,911.897]},"a":{"a":0,"k":[0,0]},"s":{"a":0,"k":[100,100]},"r":{"a":0,"k":0},"o":{"a":0,"k":100},"sk":{"a":0,"k":0},"sa":{"a":0,"k":0},"nm":"Transform"}],"nm":"Group 2","bm":0,"hd":false}],"ip":0,"op":110,"st":0,"ct":1,"bm":0}],"markers":[]}