{"v":"5.12.1","fr":30,"ip":0,"op":60,"w":1600,"h":1600,"nm":"Medical Clipboard","ddd":0,"assets":[{"id":"comp_0","nm":"BG_Details","fr":30,"layers":[{"ddd":0,"ind":1,"ty":4,"nm":"Layer 4","sr":1,"ks":{"o":{"a":0,"k":100},"r":{"a":0,"k":0},"p":{"k":[{"s":[363.352,704.089,0],"t":4,"i":{"x":1,"y":1},"o":{"x":0,"y":0}},{"s":[363.055,704.414,0],"t":7,"i":{"x":1,"y":1},"o":{"x":0,"y":0}},{"s":[362.777,704.998,0],"t":10,"i":{"x":1,"y":1},"o":{"x":0,"y":0}},{"s":[362.593,705.529,0],"t":12,"i":{"x":1,"y":1},"o":{"x":0,"y":0}},{"s":[362.373,706.131,0],"t":14,"i":{"x":1,"y":1},"o":{"x":0,"y":0}},{"s":[362.158,706.739,0],"t":16,"i":{"x":1,"y":1},"o":{"x":0,"y":0}},{"s":[362.041,707.293,0],"t":18,"i":{"x":1,"y":1},"o":{"x":0,"y":0}},{"s":[362.029,707.914,0],"t":21,"i":{"x":1,"y":1},"o":{"x":0,"y":0}},{"s":[361.761,707.244,0],"t":34,"i":{"x":1,"y":1},"o":{"x":0,"y":0}},{"s":[361.55,707.115,0],"t":35,"i":{"x":1,"y":1},"o":{"x":0,"y":0}},{"s":[361.311,707.021,0],"t":36,"i":{"x":1,"y":1},"o":{"x":0,"y":0}},{"s":[361.053,706.977,0],"t":37,"i":{"x":1,"y":1},"o":{"x":0,"y":0}},{"s":[360.786,706.97,0],"t":38,"i":{"x":1,"y":1},"o":{"x":0,"y":0}},{"s":[360.527,706.95,0],"t":39,"i":{"x":1,"y":1},"o":{"x":0,"y":0}},{"s":[360.284,706.914,0],"t":40,"i":{"x":1,"y":1},"o":{"x":0,"y":0}},{"s":[360.066,706.863,0],"t":41,"i":{"x":1,"y":1},"o":{"x":0,"y":0}},{"s":[359.735,706.715,0],"t":43,"i":{"x":1,"y":1},"o":{"x":0,"y":0}},{"s":[359.797,706.112,0],"t":48,"i":{"x":1,"y":1},"o":{"x":0,"y":0}},{"s":[359.994,705.96,0],"t":49,"i":{"x":1,"y":1},"o":{"x":0,"y":0}},{"s":[360.251,705.797,0],"t":50,"i":{"x":1,"y":1},"o":{"x":0,"y":0}},{"s":[360.562,705.624,0],"t":51,"i":{"x":1,"y":1},"o":{"x":0,"y":0}},{"s":[360.919,705.439,0],"t":52,"i":{"x":1,"y":1},"o":{"x":0,"y":0}},{"s":[361.311,705.246,0],"t":53,"i":{"x":1,"y":1},"o":{"x":0,"y":0}},{"s":[361.727,705.044,0],"t":54,"i":{"x":1,"y":1},"o":{"x":0,"y":0}},{"s":[362.15,704.837,0],"t":55,"i":{"x":1,"y":1},"o":{"x":0,"y":0}},{"s":[362.564,704.63,0],"t":56,"i":{"x":1,"y":1},"o":{"x":0,"y":0}},{"s":[362.949,704.427,0],"t":57,"i":{"x":1,"y":1},"o":{"x":0,"y":0}},{"s":[363.28,704.236,0],"t":58,"i":{"x":1,"y":1},"o":{"x":0,"y":0}}]},"a":{"a":0,"k":[0,0,0]},"s":{"a":0,"k":[100,100,100]}},"ao":0,"shapes":[{"ty":"gr","it":[{"ind":0,"ty":"sh","ks":{"a":0,"k":{"i":[[0,0],[11.998,-1.398],[-6.084,15.194],[4.659,-16.077],[17.432,6.719]],"o":[[-8.223,6.932],[-38.682,4.508],[6.084,-15.194],[-5.058,17.455],[0,0]],"v":[[61.325,18.06],[31.006,31.896],[-20.288,-22.637],[2.075,-17.914],[-61.325,14.423]],"c":false}},"nm":"Path 1","hd":false},{"ty":"tm","s":{"a":0,"k":0},"e":{"a":0,"k":15},"o":{"k":[{"s":[246],"t":0,"i":{"x":[1],"y":[1]},"o":{"x":[0],"y":[0]}},{"s":[354],"t":18,"i":{"x":[1],"y":[1]},"o":{"x":[0],"y":[0]}},{"s":[0],"t":19,"i":{"x":[1],"y":[1]},"o":{"x":[0],"y":[0]}},{"s":[240],"t":59,"i":{"x":[1],"y":[1]},"o":{"x":[0],"y":[0]}}]},"m":1,"nm":"Trim Paths 1","hd":false},{"ty":"st","c":{"a":0,"k":[0.984313726425,0.878431379795,0.831372559071,1]},"o":{"a":0,"k":100},"w":{"a":0,"k":2},"lc":2,"lj":2,"bm":0,"nm":"Stroke 1","hd":false},{"ty":"tr","p":{"a":0,"k":[0,0]},"a":{"a":0,"k":[0,0]},"s":{"a":0,"k":[100,100]},"r":{"a":0,"k":0},"o":{"a":0,"k":100},"sk":{"a":0,"k":0},"sa":{"a":0,"k":0},"nm":"Transform"}],"nm":"Group 1","bm":0,"hd":false}],"ip":0,"op":150,"st":0,"ct":1,"bm":0},{"ddd":0,"ind":2,"ty":4,"nm":"Layer 3","sr":1,"ks":{"o":{"a":0,"k":100},"r":{"a":0,"k":0},"p":{"k":[{"s":[1189.533,951.871,0],"t":1,"i":{"x":1,"y":1},"o":{"x":0,"y":0}},{"s":[1188.684,952.38,0],"t":2,"i":{"x":1,"y":1},"o":{"x":0,"y":0}},{"s":[1187.789,952.893,0],"t":3,"i":{"x":1,"y":1},"o":{"x":0,"y":0}},{"s":[1186.878,953.4,0],"t":4,"i":{"x":1,"y":1},"o":{"x":0,"y":0}},{"s":[1185.978,953.89,0],"t":5,"i":{"x":1,"y":1},"o":{"x":0,"y":0}},{"s":[1185.117,954.354,0],"t":6,"i":{"x":1,"y":1},"o":{"x":0,"y":0}},{"s":[1184.322,954.782,0],"t":7,"i":{"x":1,"y":1},"o":{"x":0,"y":0}},{"s":[1183.62,955.164,0],"t":8,"i":{"x":1,"y":1},"o":{"x":0,"y":0}},{"s":[1182.602,955.751,0],"t":10,"i":{"x":1,"y":1},"o":{"x":0,"y":0}},{"s":[1183.549,956.482,0],"t":16,"i":{"x":1,"y":1},"o":{"x":0,"y":0}},{"s":[1184.732,956.61,0],"t":18,"i":{"x":1,"y":1},"o":{"x":0,"y":0}},{"s":[1185.366,956.645,0],"t":19,"i":{"x":1,"y":1},"o":{"x":0,"y":0}},{"s":[1185.997,956.66,0],"t":20,"i":{"x":1,"y":1},"o":{"x":0,"y":0}},{"s":[1187.158,956.646,0],"t":22,"i":{"x":1,"y":1},"o":{"x":0,"y":0}},{"s":[1188.33,956.606,0],"t":25,"i":{"x":1,"y":1},"o":{"x":0,"y":0}},{"s":[1187.714,955.872,0],"t":32,"i":{"x":1,"y":1},"o":{"x":0,"y":0}},{"s":[1186.73,955.056,0],"t":35,"i":{"x":1,"y":1},"o":{"x":0,"y":0}},{"s":[1186.277,954.351,0],"t":37,"i":{"x":1,"y":1},"o":{"x":0,"y":0}},{"s":[1186.186,953.533,0],"t":39,"i":{"x":1,"y":1},"o":{"x":0,"y":0}},{"s":[1186.478,952.651,0],"t":41,"i":{"x":1,"y":1},"o":{"x":0,"y":0}},{"s":[1187.122,951.768,0],"t":43,"i":{"x":1,"y":1},"o":{"x":0,"y":0}},{"s":[1188.031,950.962,0],"t":45,"i":{"x":1,"y":1},"o":{"x":0,"y":0}},{"s":[1189.058,950.335,0],"t":47,"i":{"x":1,"y":1},"o":{"x":0,"y":0}},{"s":[1190,950.004,0],"t":49,"i":{"x":1,"y":1},"o":{"x":0,"y":0}},{"s":[1191.138,949.88,0],"t":52,"i":{"x":1,"y":1},"o":{"x":0,"y":0}},{"s":[1191.181,950.75,0],"t":58,"i":{"x":1,"y":1},"o":{"x":0,"y":0}}]},"a":{"a":0,"k":[0,0,0]},"s":{"a":0,"k":[100,100,100]}},"ao":0,"shapes":[{"ty":"gr","it":[{"ind":0,"ty":"sh","ks":{"a":0,"k":{"i":[[0,0],[9.671,-39.824],[10.999,16.041],[-36.568,-7.139],[0,0]],"o":[[0,0],[-9.671,39.824],[-10.999,-16.041],[36.568,7.139],[0,0]],"v":[[8.328,-49.522],[10.577,14.537],[-41.891,40.041],[-5.512,11.723],[45.99,40.128]],"c":false}},"nm":"Path 1","hd":false},{"ty":"st","c":{"a":0,"k":[0.984313726425,0.878431379795,0.831372559071,1]},"o":{"a":0,"k":100},"w":{"a":0,"k":2},"lc":2,"lj":2,"bm":0,"nm":"Stroke 1","hd":false},{"ty":"tm","s":{"a":0,"k":0},"e":{"a":0,"k":15},"o":{"k":[{"s":[102],"t":0,"i":{"x":[1],"y":[1]},"o":{"x":[0],"y":[0]}},{"s":[354],"t":42,"i":{"x":[1],"y":[1]},"o":{"x":[0],"y":[0]}},{"s":[0],"t":43,"i":{"x":[1],"y":[1]},"o":{"x":[0],"y":[0]}},{"s":[96],"t":59,"i":{"x":[1],"y":[1]},"o":{"x":[0],"y":[0]}}]},"m":1,"nm":"Trim Paths 1","hd":false},{"ty":"tr","p":{"a":0,"k":[0,0]},"a":{"a":0,"k":[0,0]},"s":{"a":0,"k":[100,100]},"r":{"a":0,"k":0},"o":{"a":0,"k":100},"sk":{"a":0,"k":0},"sa":{"a":0,"k":0},"nm":"Transform"}],"nm":"Group 1","bm":0,"hd":false}],"ip":0,"op":150,"st":0,"ct":1,"bm":0},{"ddd":0,"ind":3,"ty":4,"nm":"Layer 2","sr":1,"ks":{"o":{"a":0,"k":100},"r":{"a":0,"k":0},"p":{"k":[{"s":[1195.319,1091.456,0],"t":3,"i":{"x":1,"y":1},"o":{"x":0,"y":0}},{"s":[1195.892,1091.536,0],"t":4,"i":{"x":1,"y":1},"o":{"x":0,"y":0}},{"s":[1196.59,1091.568,0],"t":5,"i":{"x":1,"y":1},"o":{"x":0,"y":0}},{"s":[1197.382,1091.556,0],"t":6,"i":{"x":1,"y":1},"o":{"x":0,"y":0}},{"s":[1198.236,1091.505,0],"t":7,"i":{"x":1,"y":1},"o":{"x":0,"y":0}},{"s":[1199.123,1091.422,0],"t":8,"i":{"x":1,"y":1},"o":{"x":0,"y":0}},{"s":[1200.015,1091.313,0],"t":9,"i":{"x":1,"y":1},"o":{"x":0,"y":0}},{"s":[1200.885,1091.184,0],"t":10,"i":{"x":1,"y":1},"o":{"x":0,"y":0}},{"s":[1201.707,1091.04,0],"t":11,"i":{"x":1,"y":1},"o":{"x":0,"y":0}},{"s":[1202.454,1090.888,0],"t":12,"i":{"x":1,"y":1},"o":{"x":0,"y":0}},{"s":[1203.627,1090.576,0],"t":14,"i":{"x":1,"y":1},"o":{"x":0,"y":0}},{"s":[1203.002,1089.617,0],"t":22,"i":{"x":1,"y":1},"o":{"x":0,"y":0}},{"s":[1202.403,1089.559,0],"t":23,"i":{"x":1,"y":1},"o":{"x":0,"y":0}},{"s":[1201.217,1089.296,0],"t":25,"i":{"x":1,"y":1},"o":{"x":0,"y":0}},{"s":[1200.226,1088.769,0],"t":27,"i":{"x":1,"y":1},"o":{"x":0,"y":0}},{"s":[1199.528,1087.996,0],"t":29,"i":{"x":1,"y":1},"o":{"x":0,"y":0}},{"s":[1199.178,1087.034,0],"t":31,"i":{"x":1,"y":1},"o":{"x":0,"y":0}},{"s":[1199.18,1085.98,0],"t":33,"i":{"x":1,"y":1},"o":{"x":0,"y":0}},{"s":[1199.488,1084.978,0],"t":35,"i":{"x":1,"y":1},"o":{"x":0,"y":0}},{"s":[1200.302,1083.893,0],"t":38,"i":{"x":1,"y":1},"o":{"x":0,"y":0}},{"s":[1201.459,1082.946,0],"t":42,"i":{"x":1,"y":1},"o":{"x":0,"y":0}},{"s":[1201.023,1084.007,0],"t":49,"i":{"x":1,"y":1},"o":{"x":0,"y":0}},{"s":[1200.15,1085.028,0],"t":51,"i":{"x":1,"y":1},"o":{"x":0,"y":0}},{"s":[1199.602,1085.637,0],"t":52,"i":{"x":1,"y":1},"o":{"x":0,"y":0}},{"s":[1198.991,1086.3,0],"t":53,"i":{"x":1,"y":1},"o":{"x":0,"y":0}},{"s":[1198.332,1087.002,0],"t":54,"i":{"x":1,"y":1},"o":{"x":0,"y":0}},{"s":[1197.641,1087.727,0],"t":55,"i":{"x":1,"y":1},"o":{"x":0,"y":0}},{"s":[1196.942,1088.455,0],"t":56,"i":{"x":1,"y":1},"o":{"x":0,"y":0}},{"s":[1196.262,1089.164,0],"t":57,"i":{"x":1,"y":1},"o":{"x":0,"y":0}},{"s":[1195.633,1089.827,0],"t":58,"i":{"x":1,"y":1},"o":{"x":0,"y":0}}]},"a":{"a":0,"k":[0,0,0]},"s":{"a":0,"k":[100,100,100]}},"ao":0,"shapes":[{"ty":"gr","it":[{"ind":0,"ty":"sh","ks":{"a":0,"k":{"i":[[-8.13,0.909],[5.128,10.336],[6.213,-0.336],[-2.446,-9.532]],"o":[[9.404,-1.051],[-3.169,-6.386],[-9.826,0.532],[2.004,7.812]],"v":[[3.188,15.048],[13.245,-5.892],[0.117,-15.146],[-14.692,3.955]],"c":true}},"nm":"Path 1","hd":false},{"ty":"fl","c":{"a":0,"k":[0.984313726425,0.878431379795,0.831372559071,1]},"o":{"a":0,"k":100},"r":1,"bm":0,"nm":"Fill 1","hd":false},{"ty":"tr","p":{"a":0,"k":[0,0]},"a":{"a":0,"k":[0,0]},"s":{"a":0,"k":[100,100]},"r":{"a":0,"k":0},"o":{"a":0,"k":100},"sk":{"a":0,"k":0},"sa":{"a":0,"k":0},"nm":"Transform"}],"nm":"Group 1","bm":0,"hd":false}],"ip":0,"op":150,"st":0,"ct":1,"bm":0},{"ddd":0,"ind":4,"ty":4,"nm":"Layer 1","sr":1,"ks":{"o":{"a":0,"k":100},"r":{"a":0,"k":0},"p":{"k":[{"s":[990.466,391.489,0],"t":0,"i":{"x":1,"y":1},"o":{"x":0,"y":0}},{"s":[991.117,390.887,0],"t":1,"i":{"x":1,"y":1},"o":{"x":0,"y":0}},{"s":[991.709,390.308,0],"t":2,"i":{"x":1,"y":1},"o":{"x":0,"y":0}},{"s":[992.224,389.768,0],"t":3,"i":{"x":1,"y":1},"o":{"x":0,"y":0}},{"s":[992.646,389.285,0],"t":4,"i":{"x":1,"y":1},"o":{"x":0,"y":0}},{"s":[992.962,388.873,0],"t":5,"i":{"x":1,"y":1},"o":{"x":0,"y":0}},{"s":[993.163,388.544,0],"t":6,"i":{"x":1,"y":1},"o":{"x":0,"y":0}},{"s":[992.273,388.503,0],"t":11,"i":{"x":1,"y":1},"o":{"x":0,"y":0}},{"s":[991.758,388.788,0],"t":12,"i":{"x":1,"y":1},"o":{"x":0,"y":0}},{"s":[991.211,389.049,0],"t":13,"i":{"x":1,"y":1},"o":{"x":0,"y":0}},{"s":[990.646,389.267,0],"t":14,"i":{"x":1,"y":1},"o":{"x":0,"y":0}},{"s":[990.077,389.427,0],"t":15,"i":{"x":1,"y":1},"o":{"x":0,"y":0}},{"s":[989.517,389.517,0],"t":16,"i":{"x":1,"y":1},"o":{"x":0,"y":0}},{"s":[988.979,389.532,0],"t":17,"i":{"x":1,"y":1},"o":{"x":0,"y":0}},{"s":[988.005,389.32,0],"t":19,"i":{"x":1,"y":1},"o":{"x":0,"y":0}},{"s":[987.586,389.1,0],"t":20,"i":{"x":1,"y":1},"o":{"x":0,"y":0}},{"s":[987.221,388.814,0],"t":21,"i":{"x":1,"y":1},"o":{"x":0,"y":0}},{"s":[986.913,388.476,0],"t":22,"i":{"x":1,"y":1},"o":{"x":0,"y":0}},{"s":[986.665,388.106,0],"t":23,"i":{"x":1,"y":1},"o":{"x":0,"y":0}},{"s":[986.477,387.725,0],"t":24,"i":{"x":1,"y":1},"o":{"x":0,"y":0}},{"s":[986.348,387.359,0],"t":25,"i":{"x":1,"y":1},"o":{"x":0,"y":0}},{"s":[986.28,386.968,0],"t":26,"i":{"x":1,"y":1},"o":{"x":0,"y":0}},{"s":[986.271,386.54,0],"t":27,"i":{"x":1,"y":1},"o":{"x":0,"y":0}},{"s":[986.31,386.096,0],"t":28,"i":{"x":1,"y":1},"o":{"x":0,"y":0}},{"s":[986.389,385.656,0],"t":29,"i":{"x":1,"y":1},"o":{"x":0,"y":0}},{"s":[986.496,385.242,0],"t":30,"i":{"x":1,"y":1},"o":{"x":0,"y":0}},{"s":[986.622,384.874,0],"t":31,"i":{"x":1,"y":1},"o":{"x":0,"y":0}},{"s":[986.754,384.572,0],"t":32,"i":{"x":1,"y":1},"o":{"x":0,"y":0}},{"s":[987.285,384.888,0],"t":38,"i":{"x":1,"y":1},"o":{"x":0,"y":0}},{"s":[987.293,385.316,0],"t":39,"i":{"x":1,"y":1},"o":{"x":0,"y":0}},{"s":[987.271,385.837,0],"t":40,"i":{"x":1,"y":1},"o":{"x":0,"y":0}},{"s":[987.216,386.442,0],"t":41,"i":{"x":1,"y":1},"o":{"x":0,"y":0}},{"s":[987.131,387.116,0],"t":42,"i":{"x":1,"y":1},"o":{"x":0,"y":0}},{"s":[987.015,387.844,0],"t":43,"i":{"x":1,"y":1},"o":{"x":0,"y":0}},{"s":[986.874,388.606,0],"t":44,"i":{"x":1,"y":1},"o":{"x":0,"y":0}},{"s":[986.714,389.376,0],"t":45,"i":{"x":1,"y":1},"o":{"x":0,"y":0}},{"s":[986.542,390.126,0],"t":46,"i":{"x":1,"y":1},"o":{"x":0,"y":0}},{"s":[986.37,390.824,0],"t":47,"i":{"x":1,"y":1},"o":{"x":0,"y":0}},{"s":[986.213,391.431,0],"t":48,"i":{"x":1,"y":1},"o":{"x":0,"y":0}},{"s":[986.137,391.941,0],"t":49,"i":{"x":1,"y":1},"o":{"x":0,"y":0}},{"s":[986.169,392.358,0],"t":50,"i":{"x":1,"y":1},"o":{"x":0,"y":0}},{"s":[986.302,392.679,0],"t":51,"i":{"x":1,"y":1},"o":{"x":0,"y":0}},{"s":[987.211,393.053,0],"t":54,"i":{"x":1,"y":1},"o":{"x":0,"y":0}},{"s":[988.148,392.831,0],"t":56,"i":{"x":1,"y":1},"o":{"x":0,"y":0}},{"s":[988.686,392.593,0],"t":57,"i":{"x":1,"y":1},"o":{"x":0,"y":0}},{"s":[989.259,392.286,0],"t":58,"i":{"x":1,"y":1},"o":{"x":0,"y":0}}]},"a":{"a":0,"k":[0,0,0]},"s":{"a":0,"k":[100,100,100]}},"ao":0,"shapes":[{"ty":"gr","it":[{"ind":0,"ty":"sh","ks":{"a":0,"k":{"i":[[-8.13,0.909],[5.128,10.336],[6.213,-0.336],[-2.446,-9.532]],"o":[[9.404,-1.051],[-3.169,-6.386],[-9.826,0.532],[2.004,7.812]],"v":[[3.188,15.048],[13.245,-5.892],[0.117,-15.146],[-14.692,3.955]],"c":true}},"nm":"Path 1","hd":false},{"ty":"fl","c":{"a":0,"k":[0.984313726425,0.878431379795,0.831372559071,1]},"o":{"a":0,"k":100},"r":1,"bm":0,"nm":"Fill 1","hd":false},{"ty":"tr","p":{"a":0,"k":[0,0]},"a":{"a":0,"k":[0,0]},"s":{"a":0,"k":[100,100]},"r":{"a":0,"k":0},"o":{"a":0,"k":100},"sk":{"a":0,"k":0},"sa":{"a":0,"k":0},"nm":"Transform"}],"nm":"Group 1","bm":0,"hd":false}],"ip":0,"op":150,"st":0,"ct":1,"bm":0}]}],"layers":[{"ddd":0,"ind":1,"ty":3,"nm":"NULL CONTROL ","sr":1,"ks":{"o":{"a":0,"k":0},"r":{"k":[{"s":[1.806],"t":0,"i":{"x":[1],"y":[1]},"o":{"x":[0],"y":[0]}},{"s":[1.704],"t":1,"i":{"x":[1],"y":[1]},"o":{"x":[0],"y":[0]}},{"s":[1.584],"t":2,"i":{"x":[1],"y":[1]},"o":{"x":[0],"y":[0]}},{"s":[1.448],"t":3,"i":{"x":[1],"y":[1]},"o":{"x":[0],"y":[0]}},{"s":[1.298],"t":4,"i":{"x":[1],"y":[1]},"o":{"x":[0],"y":[0]}},{"s":[1.136],"t":5,"i":{"x":[1],"y":[1]},"o":{"x":[0],"y":[0]}},{"s":[0.963],"t":6,"i":{"x":[1],"y":[1]},"o":{"x":[0],"y":[0]}},{"s":[0.781],"t":7,"i":{"x":[1],"y":[1]},"o":{"x":[0],"y":[0]}},{"s":[0.592],"t":8,"i":{"x":[1],"y":[1]},"o":{"x":[0],"y":[0]}},{"s":[0.398],"t":9,"i":{"x":[1],"y":[1]},"o":{"x":[0],"y":[0]}},{"s":[0.2],"t":10,"i":{"x":[1],"y":[1]},"o":{"x":[0],"y":[0]}},{"s":[-0.2],"t":12,"i":{"x":[1],"y":[1]},"o":{"x":[0],"y":[0]}},{"s":[-0.398],"t":13,"i":{"x":[1],"y":[1]},"o":{"x":[0],"y":[0]}},{"s":[-0.592],"t":14,"i":{"x":[1],"y":[1]},"o":{"x":[0],"y":[0]}},{"s":[-0.781],"t":15,"i":{"x":[1],"y":[1]},"o":{"x":[0],"y":[0]}},{"s":[-0.963],"t":16,"i":{"x":[1],"y":[1]},"o":{"x":[0],"y":[0]}},{"s":[-1.136],"t":17,"i":{"x":[1],"y":[1]},"o":{"x":[0],"y":[0]}},{"s":[-1.298],"t":18,"i":{"x":[1],"y":[1]},"o":{"x":[0],"y":[0]}},{"s":[-1.448],"t":19,"i":{"x":[1],"y":[1]},"o":{"x":[0],"y":[0]}},{"s":[-1.584],"t":20,"i":{"x":[1],"y":[1]},"o":{"x":[0],"y":[0]}},{"s":[-1.704],"t":21,"i":{"x":[1],"y":[1]},"o":{"x":[0],"y":[0]}},{"s":[-1.806],"t":22,"i":{"x":[1],"y":[1]},"o":{"x":[0],"y":[0]}},{"s":[-1.888],"t":23,"i":{"x":[1],"y":[1]},"o":{"x":[0],"y":[0]}},{"s":[-1.949],"t":24,"i":{"x":[1],"y":[1]},"o":{"x":[0],"y":[0]}},{"s":[-1.987],"t":25,"i":{"x":[1],"y":[1]},"o":{"x":[0],"y":[0]}},{"s":[-2],"t":26,"i":{"x":[1],"y":[1]},"o":{"x":[0],"y":[0]}},{"s":[-1.987],"t":27,"i":{"x":[1],"y":[1]},"o":{"x":[0],"y":[0]}},{"s":[-1.949],"t":28,"i":{"x":[1],"y":[1]},"o":{"x":[0],"y":[0]}},{"s":[-1.888],"t":29,"i":{"x":[1],"y":[1]},"o":{"x":[0],"y":[0]}},{"s":[-1.806],"t":30,"i":{"x":[1],"y":[1]},"o":{"x":[0],"y":[0]}},{"s":[-1.704],"t":31,"i":{"x":[1],"y":[1]},"o":{"x":[0],"y":[0]}},{"s":[-1.584],"t":32,"i":{"x":[1],"y":[1]},"o":{"x":[0],"y":[0]}},{"s":[-1.448],"t":33,"i":{"x":[1],"y":[1]},"o":{"x":[0],"y":[0]}},{"s":[-1.298],"t":34,"i":{"x":[1],"y":[1]},"o":{"x":[0],"y":[0]}},{"s":[-1.136],"t":35,"i":{"x":[1],"y":[1]},"o":{"x":[0],"y":[0]}},{"s":[-0.963],"t":36,"i":{"x":[1],"y":[1]},"o":{"x":[0],"y":[0]}},{"s":[-0.781],"t":37,"i":{"x":[1],"y":[1]},"o":{"x":[0],"y":[0]}},{"s":[-0.592],"t":38,"i":{"x":[1],"y":[1]},"o":{"x":[0],"y":[0]}},{"s":[-0.398],"t":39,"i":{"x":[1],"y":[1]},"o":{"x":[0],"y":[0]}},{"s":[-0.2],"t":40,"i":{"x":[1],"y":[1]},"o":{"x":[0],"y":[0]}},{"s":[0.2],"t":42,"i":{"x":[1],"y":[1]},"o":{"x":[0],"y":[0]}},{"s":[0.398],"t":43,"i":{"x":[1],"y":[1]},"o":{"x":[0],"y":[0]}},{"s":[0.592],"t":44,"i":{"x":[1],"y":[1]},"o":{"x":[0],"y":[0]}},{"s":[0.781],"t":45,"i":{"x":[1],"y":[1]},"o":{"x":[0],"y":[0]}},{"s":[0.963],"t":46,"i":{"x":[1],"y":[1]},"o":{"x":[0],"y":[0]}},{"s":[1.136],"t":47,"i":{"x":[1],"y":[1]},"o":{"x":[0],"y":[0]}},{"s":[1.298],"t":48,"i":{"x":[1],"y":[1]},"o":{"x":[0],"y":[0]}},{"s":[1.448],"t":49,"i":{"x":[1],"y":[1]},"o":{"x":[0],"y":[0]}},{"s":[1.584],"t":50,"i":{"x":[1],"y":[1]},"o":{"x":[0],"y":[0]}},{"s":[1.704],"t":51,"i":{"x":[1],"y":[1]},"o":{"x":[0],"y":[0]}},{"s":[1.806],"t":52,"i":{"x":[1],"y":[1]},"o":{"x":[0],"y":[0]}},{"s":[1.888],"t":53,"i":{"x":[1],"y":[1]},"o":{"x":[0],"y":[0]}},{"s":[1.949],"t":54,"i":{"x":[1],"y":[1]},"o":{"x":[0],"y":[0]}},{"s":[1.987],"t":55,"i":{"x":[1],"y":[1]},"o":{"x":[0],"y":[0]}},{"s":[2],"t":56,"i":{"x":[1],"y":[1]},"o":{"x":[0],"y":[0]}},{"s":[1.987],"t":57,"i":{"x":[1],"y":[1]},"o":{"x":[0],"y":[0]}},{"s":[1.949],"t":58,"i":{"x":[1],"y":[1]},"o":{"x":[0],"y":[0]}},{"s":[1.888],"t":59,"i":{"x":[1],"y":[1]},"o":{"x":[0],"y":[0]}}]},"p":{"k":[{"s":[961.561,990.48,0],"t":0,"i":{"x":1,"y":1},"o":{"x":0,"y":0}},{"s":[961.561,992.102,0],"t":1,"i":{"x":1,"y":1},"o":{"x":0,"y":0}},{"s":[961.561,993.604,0],"t":2,"i":{"x":1,"y":1},"o":{"x":0,"y":0}},{"s":[961.561,994.963,0],"t":3,"i":{"x":1,"y":1},"o":{"x":0,"y":0}},{"s":[961.561,996.16,0],"t":4,"i":{"x":1,"y":1},"o":{"x":0,"y":0}},{"s":[961.561,997.183,0],"t":5,"i":{"x":1,"y":1},"o":{"x":0,"y":0}},{"s":[961.561,998.011,0],"t":6,"i":{"x":1,"y":1},"o":{"x":0,"y":0}},{"s":[961.561,998.996,0],"t":8,"i":{"x":1,"y":1},"o":{"x":0,"y":0}},{"s":[961.561,998.011,0],"t":12,"i":{"x":1,"y":1},"o":{"x":0,"y":0}},{"s":[961.561,997.183,0],"t":13,"i":{"x":1,"y":1},"o":{"x":0,"y":0}},{"s":[961.561,996.16,0],"t":14,"i":{"x":1,"y":1},"o":{"x":0,"y":0}},{"s":[961.561,994.963,0],"t":15,"i":{"x":1,"y":1},"o":{"x":0,"y":0}},{"s":[961.561,993.604,0],"t":16,"i":{"x":1,"y":1},"o":{"x":0,"y":0}},{"s":[961.561,992.102,0],"t":17,"i":{"x":1,"y":1},"o":{"x":0,"y":0}},{"s":[961.561,990.48,0],"t":18,"i":{"x":1,"y":1},"o":{"x":0,"y":0}},{"s":[961.561,988.752,0],"t":19,"i":{"x":1,"y":1},"o":{"x":0,"y":0}},{"s":[961.561,986.932,0],"t":20,"i":{"x":1,"y":1},"o":{"x":0,"y":0}},{"s":[961.561,985.04,0],"t":21,"i":{"x":1,"y":1},"o":{"x":0,"y":0}},{"s":[961.561,983.098,0],"t":22,"i":{"x":1,"y":1},"o":{"x":0,"y":0}},{"s":[961.561,981.123,0],"t":23,"i":{"x":1,"y":1},"o":{"x":0,"y":0}},{"s":[961.561,977.139,0],"t":25,"i":{"x":1,"y":1},"o":{"x":0,"y":0}},{"s":[961.561,975.161,0],"t":26,"i":{"x":1,"y":1},"o":{"x":0,"y":0}},{"s":[961.561,973.213,0],"t":27,"i":{"x":1,"y":1},"o":{"x":0,"y":0}},{"s":[961.561,971.317,0],"t":28,"i":{"x":1,"y":1},"o":{"x":0,"y":0}},{"s":[961.561,969.493,0],"t":29,"i":{"x":1,"y":1},"o":{"x":0,"y":0}},{"s":[961.561,967.764,0],"t":30,"i":{"x":1,"y":1},"o":{"x":0,"y":0}},{"s":[961.561,966.14,0],"t":31,"i":{"x":1,"y":1},"o":{"x":0,"y":0}},{"s":[961.561,964.64,0],"t":32,"i":{"x":1,"y":1},"o":{"x":0,"y":0}},{"s":[961.561,963.284,0],"t":33,"i":{"x":1,"y":1},"o":{"x":0,"y":0}},{"s":[961.561,962.086,0],"t":34,"i":{"x":1,"y":1},"o":{"x":0,"y":0}},{"s":[961.561,961.067,0],"t":35,"i":{"x":1,"y":1},"o":{"x":0,"y":0}},{"s":[961.561,960.245,0],"t":36,"i":{"x":1,"y":1},"o":{"x":0,"y":0}},{"s":[961.561,959.634,0],"t":37,"i":{"x":1,"y":1},"o":{"x":0,"y":0}},{"s":[961.561,960.245,0],"t":42,"i":{"x":1,"y":1},"o":{"x":0,"y":0}},{"s":[961.561,961.067,0],"t":43,"i":{"x":1,"y":1},"o":{"x":0,"y":0}},{"s":[961.561,962.086,0],"t":44,"i":{"x":1,"y":1},"o":{"x":0,"y":0}},{"s":[961.561,963.284,0],"t":45,"i":{"x":1,"y":1},"o":{"x":0,"y":0}},{"s":[961.561,964.64,0],"t":46,"i":{"x":1,"y":1},"o":{"x":0,"y":0}},{"s":[961.561,966.14,0],"t":47,"i":{"x":1,"y":1},"o":{"x":0,"y":0}},{"s":[961.561,967.764,0],"t":48,"i":{"x":1,"y":1},"o":{"x":0,"y":0}},{"s":[961.561,969.493,0],"t":49,"i":{"x":1,"y":1},"o":{"x":0,"y":0}},{"s":[961.561,971.317,0],"t":50,"i":{"x":1,"y":1},"o":{"x":0,"y":0}},{"s":[961.561,973.213,0],"t":51,"i":{"x":1,"y":1},"o":{"x":0,"y":0}},{"s":[961.561,975.161,0],"t":52,"i":{"x":1,"y":1},"o":{"x":0,"y":0}},{"s":[961.561,977.139,0],"t":53,"i":{"x":1,"y":1},"o":{"x":0,"y":0}},{"s":[961.561,981.123,0],"t":55,"i":{"x":1,"y":1},"o":{"x":0,"y":0}},{"s":[961.561,983.098,0],"t":56,"i":{"x":1,"y":1},"o":{"x":0,"y":0}},{"s":[961.561,985.04,0],"t":57,"i":{"x":1,"y":1},"o":{"x":0,"y":0}},{"s":[961.561,986.932,0],"t":58,"i":{"x":1,"y":1},"o":{"x":0,"y":0}},{"s":[961.561,988.752,0],"t":59,"i":{"x":1,"y":1},"o":{"x":0,"y":0}}]},"a":{"a":0,"k":[50,50,0]},"s":{"a":0,"k":[100,100,100]}},"ao":0,"ip":0,"op":150,"st":0,"bm":0},{"ddd":0,"ind":2,"ty":4,"nm":"Pen_Part_2","parent":3,"sr":1,"ks":{"o":{"a":0,"k":100},"r":{"a":0,"k":36.368},"p":{"a":1,"k":[{"i":{"x":0.667,"y":1},"o":{"x":0.333,"y":0},"t":4,"s":[520.006,-143.634,0],"to":[0,0,0],"ti":[0,0,0]},{"i":{"x":0.667,"y":1},"o":{"x":0.333,"y":0},"t":21,"s":[501.846,-156.933,0],"to":[0,0,0],"ti":[0,0,0]},{"i":{"x":0.833,"y":1},"o":{"x":0.167,"y":0},"t":25,"s":[501.846,-156.933,0],"to":[0,0,0],"ti":[0,0,0]},{"t":50,"s":[520.006,-143.634,0]}]},"a":{"a":0,"k":[1511.282,192.354,0]},"s":{"a":0,"k":[100,100,100]}},"ao":0,"shapes":[{"ty":"gr","it":[{"ind":0,"ty":"sh","ks":{"a":0,"k":{"i":[[6.72,0],[0,0],[0,6.72],[0,0],[0,0],[0,0]],"o":[[0,0],[-6.72,0],[0,0],[0,0],[0,0],[0,6.72]],"v":[[0,101.26],[0,101.26],[-12.168,89.092],[-12.168,-101.26],[12.168,-101.26],[12.168,89.092]],"c":true}},"nm":"Path 1","hd":false},{"ty":"fl","c":{"a":0,"k":[0.498039215803,0.388235300779,1,1]},"o":{"a":0,"k":100},"r":1,"bm":0,"nm":"Fill 1","hd":false},{"ty":"tr","p":{"a":0,"k":[1511.282,293.614]},"a":{"a":0,"k":[0,0]},"s":{"a":0,"k":[100,100]},"r":{"a":0,"k":0},"o":{"a":0,"k":100},"sk":{"a":0,"k":0},"sa":{"a":0,"k":0},"nm":"Transform"}],"nm":"Group 1","bm":0,"hd":false}],"ip":0,"op":68,"st":0,"ct":1,"bm":0},{"ddd":0,"ind":3,"ty":4,"nm":"Pen_Part_1","parent":4,"sr":1,"ks":{"o":{"a":0,"k":100},"r":{"a":0,"k":-35.5},"p":{"a":1,"k":[{"i":{"x":0.667,"y":1},"o":{"x":0.333,"y":0},"t":4,"s":[1494.859,203.274,0],"to":[0,0,0],"ti":[0,0,0]},{"i":{"x":0.667,"y":1},"o":{"x":0.333,"y":0},"t":21,"s":[1454.223,203.337,0],"to":[0,0,0],"ti":[0,0,0]},{"i":{"x":0.833,"y":1},"o":{"x":0.167,"y":0},"t":25,"s":[1454.223,203.337,0],"to":[0,0,0],"ti":[0,0,0]},{"t":50,"s":[1494.859,203.274,0]}]},"a":{"a":0,"k":[500.875,-144.5,0]},"s":{"a":0,"k":[100,100,100]}},"ao":0,"shapes":[{"ty":"gr","it":[{"ind":0,"ty":"sh","ks":{"a":1,"k":[{"i":{"x":0.667,"y":1},"o":{"x":0.333,"y":0},"t":4,"s":[{"i":[[0,0],[0,0]],"o":[[0,0],[0,0]],"v":[[483.795,-156.625],[523.375,-127.875]],"c":false}]},{"i":{"x":0.667,"y":1},"o":{"x":0.333,"y":0},"t":21,"s":[{"i":[[0,0],[0,0]],"o":[[0,0],[0,0]],"v":[[483.795,-156.625],[505.273,-141.024]],"c":false}]},{"i":{"x":0.833,"y":1},"o":{"x":0.167,"y":0},"t":25,"s":[{"i":[[0,0],[0,0]],"o":[[0,0],[0,0]],"v":[[483.795,-156.625],[505.273,-141.024]],"c":false}]},{"t":50,"s":[{"i":[[0,0],[0,0]],"o":[[0,0],[0,0]],"v":[[483.795,-156.625],[523.375,-127.875]],"c":false}]}]},"nm":"Path 1","hd":false},{"ty":"st","c":{"a":0,"k":[0.98431372549,0.878431372549,0.83137254902,1]},"o":{"a":0,"k":100},"w":{"a":0,"k":22.3},"lc":1,"lj":1,"ml":4,"bm":0,"nm":"Stroke 1","hd":false},{"ty":"tr","p":{"a":0,"k":[0,0]},"a":{"a":0,"k":[0,0]},"s":{"a":0,"k":[100,100]},"r":{"a":0,"k":0},"o":{"a":0,"k":100},"sk":{"a":0,"k":0},"sa":{"a":0,"k":0},"nm":"Transform"}],"nm":"Shape 1","bm":0,"hd":false}],"ip":0,"op":150,"st":0,"ct":1,"bm":0},{"ddd":0,"ind":4,"ty":4,"nm":"Pen 2","parent":1,"sr":1,"ks":{"o":{"a":0,"k":100},"r":{"a":1,"k":[{"i":{"x":[0.667],"y":[1]},"o":{"x":[0.333],"y":[0]},"t":1,"s":[35.5]},{"i":{"x":[0.667],"y":[1]},"o":{"x":[0.333],"y":[0]},"t":8,"s":[42.5]},{"i":{"x":[0.667],"y":[1]},"o":{"x":[0.333],"y":[0]},"t":18,"s":[35.5]},{"i":{"x":[0.833],"y":[1]},"o":{"x":[0.167],"y":[0]},"t":22,"s":[35.5]},{"i":{"x":[0.667],"y":[1]},"o":{"x":[0.333],"y":[0]},"t":47,"s":[38.5]},{"i":{"x":[0.667],"y":[1]},"o":{"x":[0.333],"y":[0]},"t":48,"s":[38.5]},{"t":60,"s":[35.5]}]},"p":{"a":1,"k":[{"i":{"x":0.667,"y":1},"o":{"x":0.333,"y":0},"t":0,"s":[200.2,93.68,0],"to":[-51.115,-64.147,0],"ti":[101.543,-139.324,0]},{"i":{"x":0.667,"y":0.667},"o":{"x":0.333,"y":0.333},"t":17,"s":[-162.439,28.719,0],"to":[0,0,0],"ti":[0,0,0]},{"i":{"x":0.833,"y":1},"o":{"x":0.167,"y":0},"t":21,"s":[-162.439,28.719,0],"to":[75.133,10.775,0],"ti":[-65.541,-33.468,0]},{"i":{"x":0.667,"y":0.667},"o":{"x":0.333,"y":0.333},"t":46,"s":[210.737,105.388,0],"to":[0,0,0],"ti":[0,0,0]},{"i":{"x":0.667,"y":1},"o":{"x":0.333,"y":0},"t":47,"s":[210.737,105.388,0],"to":[0,0,0],"ti":[1.756,1.951,0]},{"t":59,"s":[200.2,93.68,0]}]},"a":{"a":0,"k":[1436.195,733.517,0]},"s":{"a":0,"k":[100,100,100]}},"ao":0,"shapes":[{"ty":"gr","it":[{"ind":0,"ty":"sh","ks":{"a":0,"k":{"i":[[0,0],[0,0],[0,0],[-21.352,0],[0,0],[0,21.352]],"o":[[0,0],[0,0],[0,21.352],[0,0],[21.352,0],[0,0]],"v":[[38.661,-50.044],[-38.661,-50.044],[-38.661,11.383],[0,50.044],[0,50.044],[38.661,11.383]],"c":true}},"nm":"Path 1","hd":false},{"ty":"fl","c":{"a":0,"k":[1,1,1,1]},"o":{"a":0,"k":100},"r":1,"bm":0,"nm":"Fill 1","hd":false},{"ty":"tr","p":{"a":0,"k":[1436.116,657.333]},"a":{"a":0,"k":[0,0]},"s":{"a":0,"k":[100,100]},"r":{"a":0,"k":0},"o":{"a":0,"k":100},"sk":{"a":0,"k":0},"sa":{"a":0,"k":0},"nm":"Transform"}],"nm":"Group 3","bm":0,"hd":false},{"ty":"gr","it":[{"ind":0,"ty":"sh","ks":{"a":0,"k":{"i":[[0,0],[0,0],[0,0],[-21.352,0],[0,0],[0,-21.352]],"o":[[0,0],[0,0],[0,-21.352],[0,0],[21.352,0],[0,0]],"v":[[38.661,234.393],[-38.661,234.393],[-38.661,-195.731],[0,-234.393],[0,-234.393],[38.661,-195.731]],"c":true}},"nm":"Path 1","hd":false},{"ty":"fl","c":{"a":0,"k":[0.498039215803,0.388235300779,1,1]},"o":{"a":0,"k":100},"r":1,"bm":0,"nm":"Fill 1","hd":false},{"ty":"tr","p":{"a":0,"k":[1436.116,372.896]},"a":{"a":0,"k":[0,0]},"s":{"a":0,"k":[100,100]},"r":{"a":0,"k":0},"o":{"a":0,"k":100},"sk":{"a":0,"k":0},"sa":{"a":0,"k":0},"nm":"Transform"}],"nm":"Group 4","bm":0,"hd":false},{"ty":"gr","it":[{"ind":0,"ty":"sh","ks":{"a":0,"k":{"i":[[0,0],[0,0],[0,0],[-3.954,0],[0,0],[0,3.954]],"o":[[0,0],[0,0],[0,3.954],[0,0],[3.954,0],[0,0]],"v":[[7.16,-19.299],[-7.16,-19.299],[-7.16,12.139],[0,19.299],[0,19.299],[7.16,12.139]],"c":true}},"nm":"Path 1","hd":false},{"ty":"fl","c":{"a":0,"k":[0.498039215803,0.388235300779,1,1]},"o":{"a":0,"k":100},"r":1,"bm":0,"nm":"Fill 1","hd":false},{"ty":"tr","p":{"a":0,"k":[1436.116,719.423]},"a":{"a":0,"k":[0,0]},"s":{"a":0,"k":[100,100]},"r":{"a":0,"k":0},"o":{"a":0,"k":100},"sk":{"a":0,"k":0},"sa":{"a":0,"k":0},"nm":"Transform"}],"nm":"Group 5","bm":0,"hd":false}],"ip":0,"op":67,"st":0,"ct":1,"bm":0},{"ddd":0,"ind":5,"ty":4,"nm":"Ellipse","parent":7,"sr":1,"ks":{"o":{"a":0,"k":100},"r":{"a":0,"k":0},"p":{"a":0,"k":[209.635,101.29,0]},"a":{"a":0,"k":[705.749,1229.571,0]},"s":{"a":0,"k":[100,100,100]}},"ao":0,"shapes":[{"ty":"gr","it":[{"ind":0,"ty":"sh","ks":{"a":0,"k":{"i":[[4.604,-20.923],[20.923,4.604],[-4.604,20.923],[-20.923,-4.604]],"o":[[-4.604,20.923],[-20.923,-4.604],[4.604,-20.923],[20.923,4.604]],"v":[[37.885,8.336],[-8.336,37.885],[-37.885,-8.336],[8.336,-37.885]],"c":true}},"nm":"Path 1","hd":false},{"ty":"st","c":{"a":0,"k":[0.984313726425,0.611764729023,0.984313726425,1]},"o":{"a":0,"k":100},"w":{"a":0,"k":2},"lc":1,"lj":1,"ml":10,"bm":0,"nm":"Stroke 1","hd":false},{"ty":"tr","p":{"a":0,"k":[697.999,1281.321]},"a":{"a":0,"k":[0,0]},"s":{"a":0,"k":[100,100]},"r":{"a":0,"k":0},"o":{"a":0,"k":100},"sk":{"a":0,"k":0},"sa":{"a":0,"k":0},"nm":"Transform"}],"nm":"Group 1","bm":0,"hd":false},{"ty":"gr","it":[{"ind":0,"ty":"sh","ks":{"a":0,"k":{"i":[[6.326,-28.747],[28.747,6.326],[-6.326,28.747],[-28.747,-6.326]],"o":[[-6.326,28.747],[-28.747,-6.326],[6.326,-28.747],[28.747,6.326]],"v":[[52.051,11.454],[-11.454,52.051],[-52.051,-11.454],[11.454,-52.051]],"c":true}},"nm":"Path 1","hd":false},{"ty":"fl","c":{"a":0,"k":[0.498039215803,0.388235300779,1,1]},"o":{"a":0,"k":100},"r":1,"bm":0,"nm":"Fill 1","hd":false},{"ty":"tr","p":{"a":0,"k":[697.999,1281.321]},"a":{"a":0,"k":[0,0]},"s":{"a":0,"k":[100,100]},"r":{"a":0,"k":0},"o":{"a":0,"k":100},"sk":{"a":0,"k":0},"sa":{"a":0,"k":0},"nm":"Transform"}],"nm":"Group 2","bm":0,"hd":false}],"ip":0,"op":150,"st":0,"ct":1,"bm":0},{"ddd":0,"ind":6,"ty":3,"nm":"NULL CONTROL 1","sr":1,"ks":{"o":{"a":0,"k":0},"r":{"k":[{"s":[2.376],"t":0,"i":{"x":[1],"y":[1]},"o":{"x":[0],"y":[0]}},{"s":[2.556],"t":1,"i":{"x":[1],"y":[1]},"o":{"x":[0],"y":[0]}},{"s":[2.708],"t":2,"i":{"x":[1],"y":[1]},"o":{"x":[0],"y":[0]}},{"s":[2.832],"t":3,"i":{"x":[1],"y":[1]},"o":{"x":[0],"y":[0]}},{"s":[2.924],"t":4,"i":{"x":[1],"y":[1]},"o":{"x":[0],"y":[0]}},{"s":[2.98],"t":5,"i":{"x":[1],"y":[1]},"o":{"x":[0],"y":[0]}},{"s":[3],"t":6,"i":{"x":[1],"y":[1]},"o":{"x":[0],"y":[0]}},{"s":[2.98],"t":7,"i":{"x":[1],"y":[1]},"o":{"x":[0],"y":[0]}},{"s":[2.924],"t":8,"i":{"x":[1],"y":[1]},"o":{"x":[0],"y":[0]}},{"s":[2.832],"t":9,"i":{"x":[1],"y":[1]},"o":{"x":[0],"y":[0]}},{"s":[2.708],"t":10,"i":{"x":[1],"y":[1]},"o":{"x":[0],"y":[0]}},{"s":[2.556],"t":11,"i":{"x":[1],"y":[1]},"o":{"x":[0],"y":[0]}},{"s":[2.376],"t":12,"i":{"x":[1],"y":[1]},"o":{"x":[0],"y":[0]}},{"s":[2.172],"t":13,"i":{"x":[1],"y":[1]},"o":{"x":[0],"y":[0]}},{"s":[1.948],"t":14,"i":{"x":[1],"y":[1]},"o":{"x":[0],"y":[0]}},{"s":[1.704],"t":15,"i":{"x":[1],"y":[1]},"o":{"x":[0],"y":[0]}},{"s":[1.444],"t":16,"i":{"x":[1],"y":[1]},"o":{"x":[0],"y":[0]}},{"s":[1.172],"t":17,"i":{"x":[1],"y":[1]},"o":{"x":[0],"y":[0]}},{"s":[0.888],"t":18,"i":{"x":[1],"y":[1]},"o":{"x":[0],"y":[0]}},{"s":[0.596],"t":19,"i":{"x":[1],"y":[1]},"o":{"x":[0],"y":[0]}},{"s":[0.3],"t":20,"i":{"x":[1],"y":[1]},"o":{"x":[0],"y":[0]}},{"s":[-0.3],"t":22,"i":{"x":[1],"y":[1]},"o":{"x":[0],"y":[0]}},{"s":[-0.596],"t":23,"i":{"x":[1],"y":[1]},"o":{"x":[0],"y":[0]}},{"s":[-0.888],"t":24,"i":{"x":[1],"y":[1]},"o":{"x":[0],"y":[0]}},{"s":[-1.172],"t":25,"i":{"x":[1],"y":[1]},"o":{"x":[0],"y":[0]}},{"s":[-1.444],"t":26,"i":{"x":[1],"y":[1]},"o":{"x":[0],"y":[0]}},{"s":[-1.704],"t":27,"i":{"x":[1],"y":[1]},"o":{"x":[0],"y":[0]}},{"s":[-1.948],"t":28,"i":{"x":[1],"y":[1]},"o":{"x":[0],"y":[0]}},{"s":[-2.172],"t":29,"i":{"x":[1],"y":[1]},"o":{"x":[0],"y":[0]}},{"s":[-2.376],"t":30,"i":{"x":[1],"y":[1]},"o":{"x":[0],"y":[0]}},{"s":[-2.556],"t":31,"i":{"x":[1],"y":[1]},"o":{"x":[0],"y":[0]}},{"s":[-2.708],"t":32,"i":{"x":[1],"y":[1]},"o":{"x":[0],"y":[0]}},{"s":[-2.832],"t":33,"i":{"x":[1],"y":[1]},"o":{"x":[0],"y":[0]}},{"s":[-2.924],"t":34,"i":{"x":[1],"y":[1]},"o":{"x":[0],"y":[0]}},{"s":[-2.98],"t":35,"i":{"x":[1],"y":[1]},"o":{"x":[0],"y":[0]}},{"s":[-3],"t":36,"i":{"x":[1],"y":[1]},"o":{"x":[0],"y":[0]}},{"s":[-2.98],"t":37,"i":{"x":[1],"y":[1]},"o":{"x":[0],"y":[0]}},{"s":[-2.924],"t":38,"i":{"x":[1],"y":[1]},"o":{"x":[0],"y":[0]}},{"s":[-2.832],"t":39,"i":{"x":[1],"y":[1]},"o":{"x":[0],"y":[0]}},{"s":[-2.708],"t":40,"i":{"x":[1],"y":[1]},"o":{"x":[0],"y":[0]}},{"s":[-2.556],"t":41,"i":{"x":[1],"y":[1]},"o":{"x":[0],"y":[0]}},{"s":[-2.376],"t":42,"i":{"x":[1],"y":[1]},"o":{"x":[0],"y":[0]}},{"s":[-2.172],"t":43,"i":{"x":[1],"y":[1]},"o":{"x":[0],"y":[0]}},{"s":[-1.948],"t":44,"i":{"x":[1],"y":[1]},"o":{"x":[0],"y":[0]}},{"s":[-1.704],"t":45,"i":{"x":[1],"y":[1]},"o":{"x":[0],"y":[0]}},{"s":[-1.444],"t":46,"i":{"x":[1],"y":[1]},"o":{"x":[0],"y":[0]}},{"s":[-1.172],"t":47,"i":{"x":[1],"y":[1]},"o":{"x":[0],"y":[0]}},{"s":[-0.888],"t":48,"i":{"x":[1],"y":[1]},"o":{"x":[0],"y":[0]}},{"s":[-0.596],"t":49,"i":{"x":[1],"y":[1]},"o":{"x":[0],"y":[0]}},{"s":[-0.3],"t":50,"i":{"x":[1],"y":[1]},"o":{"x":[0],"y":[0]}},{"s":[0.3],"t":52,"i":{"x":[1],"y":[1]},"o":{"x":[0],"y":[0]}},{"s":[0.596],"t":53,"i":{"x":[1],"y":[1]},"o":{"x":[0],"y":[0]}},{"s":[0.888],"t":54,"i":{"x":[1],"y":[1]},"o":{"x":[0],"y":[0]}},{"s":[1.172],"t":55,"i":{"x":[1],"y":[1]},"o":{"x":[0],"y":[0]}},{"s":[1.444],"t":56,"i":{"x":[1],"y":[1]},"o":{"x":[0],"y":[0]}},{"s":[1.704],"t":57,"i":{"x":[1],"y":[1]},"o":{"x":[0],"y":[0]}},{"s":[1.948],"t":58,"i":{"x":[1],"y":[1]},"o":{"x":[0],"y":[0]}},{"s":[2.172],"t":59,"i":{"x":[1],"y":[1]},"o":{"x":[0],"y":[0]}}]},"p":{"k":[{"s":[277.698,1013.596,0],"t":0,"i":{"x":1,"y":1},"o":{"x":0,"y":0}},{"s":[279.115,1012.4,0],"t":1,"i":{"x":1,"y":1},"o":{"x":0,"y":0}},{"s":[280.579,1011.023,0],"t":2,"i":{"x":1,"y":1},"o":{"x":0,"y":0}},{"s":[282.055,1009.465,0],"t":3,"i":{"x":1,"y":1},"o":{"x":0,"y":0}},{"s":[283.505,1007.739,0],"t":4,"i":{"x":1,"y":1},"o":{"x":0,"y":0}},{"s":[284.893,1005.859,0],"t":5,"i":{"x":1,"y":1},"o":{"x":0,"y":0}},{"s":[286.193,1003.843,0],"t":6,"i":{"x":1,"y":1},"o":{"x":0,"y":0}},{"s":[287.384,1001.709,0],"t":7,"i":{"x":1,"y":1},"o":{"x":0,"y":0}},{"s":[288.448,999.479,0],"t":8,"i":{"x":1,"y":1},"o":{"x":0,"y":0}},{"s":[289.372,997.187,0],"t":9,"i":{"x":1,"y":1},"o":{"x":0,"y":0}},{"s":[290.149,994.866,0],"t":10,"i":{"x":1,"y":1},"o":{"x":0,"y":0}},{"s":[290.782,992.546,0],"t":11,"i":{"x":1,"y":1},"o":{"x":0,"y":0}},{"s":[291.277,990.261,0],"t":12,"i":{"x":1,"y":1},"o":{"x":0,"y":0}},{"s":[291.645,988.041,0],"t":13,"i":{"x":1,"y":1},"o":{"x":0,"y":0}},{"s":[291.901,985.916,0],"t":14,"i":{"x":1,"y":1},"o":{"x":0,"y":0}},{"s":[292.061,983.914,0],"t":15,"i":{"x":1,"y":1},"o":{"x":0,"y":0}},{"s":[292.143,982.065,0],"t":16,"i":{"x":1,"y":1},"o":{"x":0,"y":0}},{"s":[292.165,980.389,0],"t":17,"i":{"x":1,"y":1},"o":{"x":0,"y":0}},{"s":[292.145,978.91,0],"t":18,"i":{"x":1,"y":1},"o":{"x":0,"y":0}},{"s":[292.101,977.649,0],"t":19,"i":{"x":1,"y":1},"o":{"x":0,"y":0}},{"s":[292.046,976.63,0],"t":20,"i":{"x":1,"y":1},"o":{"x":0,"y":0}},{"s":[291.996,975.873,0],"t":21,"i":{"x":1,"y":1},"o":{"x":0,"y":0}},{"s":[292.037,976.626,0],"t":26,"i":{"x":1,"y":1},"o":{"x":0,"y":0}},{"s":[292.084,977.642,0],"t":27,"i":{"x":1,"y":1},"o":{"x":0,"y":0}},{"s":[292.119,978.899,0],"t":28,"i":{"x":1,"y":1},"o":{"x":0,"y":0}},{"s":[292.128,980.374,0],"t":29,"i":{"x":1,"y":1},"o":{"x":0,"y":0}},{"s":[292.093,982.044,0],"t":30,"i":{"x":1,"y":1},"o":{"x":0,"y":0}},{"s":[291.996,983.888,0],"t":31,"i":{"x":1,"y":1},"o":{"x":0,"y":0}},{"s":[291.82,985.882,0],"t":32,"i":{"x":1,"y":1},"o":{"x":0,"y":0}},{"s":[291.548,987.998,0],"t":33,"i":{"x":1,"y":1},"o":{"x":0,"y":0}},{"s":[291.163,990.208,0],"t":34,"i":{"x":1,"y":1},"o":{"x":0,"y":0}},{"s":[290.652,992.482,0],"t":35,"i":{"x":1,"y":1},"o":{"x":0,"y":0}},{"s":[290.004,994.79,0],"t":36,"i":{"x":1,"y":1},"o":{"x":0,"y":0}},{"s":[289.215,997.099,0],"t":37,"i":{"x":1,"y":1},"o":{"x":0,"y":0}},{"s":[288.283,999.38,0],"t":38,"i":{"x":1,"y":1},"o":{"x":0,"y":0}},{"s":[287.216,1001.599,0],"t":39,"i":{"x":1,"y":1},"o":{"x":0,"y":0}},{"s":[286.026,1003.724,0],"t":40,"i":{"x":1,"y":1},"o":{"x":0,"y":0}},{"s":[284.732,1005.735,0],"t":41,"i":{"x":1,"y":1},"o":{"x":0,"y":0}},{"s":[283.354,1007.614,0],"t":42,"i":{"x":1,"y":1},"o":{"x":0,"y":0}},{"s":[281.919,1009.344,0],"t":43,"i":{"x":1,"y":1},"o":{"x":0,"y":0}},{"s":[280.459,1010.909,0],"t":44,"i":{"x":1,"y":1},"o":{"x":0,"y":0}},{"s":[279.014,1012.297,0],"t":45,"i":{"x":1,"y":1},"o":{"x":0,"y":0}},{"s":[277.617,1013.507,0],"t":46,"i":{"x":1,"y":1},"o":{"x":0,"y":0}},{"s":[276.302,1014.537,0],"t":47,"i":{"x":1,"y":1},"o":{"x":0,"y":0}},{"s":[275.099,1015.394,0],"t":48,"i":{"x":1,"y":1},"o":{"x":0,"y":0}},{"s":[274.043,1016.081,0],"t":49,"i":{"x":1,"y":1},"o":{"x":0,"y":0}},{"s":[273.17,1016.601,0],"t":50,"i":{"x":1,"y":1},"o":{"x":0,"y":0}},{"s":[272.51,1016.962,0],"t":51,"i":{"x":1,"y":1},"o":{"x":0,"y":0}},{"s":[272.092,1017.173,0],"t":52,"i":{"x":1,"y":1},"o":{"x":0,"y":0}},{"s":[272.094,1017.176,0],"t":54,"i":{"x":1,"y":1},"o":{"x":0,"y":0}},{"s":[272.518,1016.973,0],"t":55,"i":{"x":1,"y":1},"o":{"x":0,"y":0}},{"s":[273.187,1016.624,0],"t":56,"i":{"x":1,"y":1},"o":{"x":0,"y":0}},{"s":[274.073,1016.12,0],"t":57,"i":{"x":1,"y":1},"o":{"x":0,"y":0}},{"s":[275.144,1015.45,0],"t":58,"i":{"x":1,"y":1},"o":{"x":0,"y":0}},{"s":[276.364,1014.61,0],"t":59,"i":{"x":1,"y":1},"o":{"x":0,"y":0}}]},"a":{"a":0,"k":[50,50,0]},"s":{"a":0,"k":[100,100,100]}},"ao":0,"ip":0,"op":150,"st":0,"bm":0},{"ddd":0,"ind":7,"ty":4,"nm":"Ellipse_Line","parent":6,"sr":1,"ks":{"o":{"a":0,"k":100},"r":{"k":[{"s":[-3.832],"t":0,"i":{"x":[1],"y":[1]},"o":{"x":[0],"y":[0]}},{"s":[-3.136],"t":2,"i":{"x":[1],"y":[1]},"o":{"x":[0],"y":[0]}},{"s":[-2.791],"t":3,"i":{"x":[1],"y":[1]},"o":{"x":[0],"y":[0]}},{"s":[-2.453],"t":4,"i":{"x":[1],"y":[1]},"o":{"x":[0],"y":[0]}},{"s":[-2.123],"t":5,"i":{"x":[1],"y":[1]},"o":{"x":[0],"y":[0]}},{"s":[-1.806],"t":6,"i":{"x":[1],"y":[1]},"o":{"x":[0],"y":[0]}},{"s":[-1.505],"t":7,"i":{"x":[1],"y":[1]},"o":{"x":[0],"y":[0]}},{"s":[-1.222],"t":8,"i":{"x":[1],"y":[1]},"o":{"x":[0],"y":[0]}},{"s":[-0.961],"t":9,"i":{"x":[1],"y":[1]},"o":{"x":[0],"y":[0]}},{"s":[-0.725],"t":10,"i":{"x":[1],"y":[1]},"o":{"x":[0],"y":[0]}},{"s":[-0.516],"t":11,"i":{"x":[1],"y":[1]},"o":{"x":[0],"y":[0]}},{"s":[-0.339],"t":12,"i":{"x":[1],"y":[1]},"o":{"x":[0],"y":[0]}},{"s":[-0.195],"t":13,"i":{"x":[1],"y":[1]},"o":{"x":[0],"y":[0]}},{"s":[-0.089],"t":14,"i":{"x":[1],"y":[1]},"o":{"x":[0],"y":[0]}},{"s":[-0.023],"t":15,"i":{"x":[1],"y":[1]},"o":{"x":[0],"y":[0]}},{"s":[0],"t":16,"i":{"x":[1],"y":[1]},"o":{"x":[0],"y":[0]}},{"s":[-0.023],"t":17,"i":{"x":[1],"y":[1]},"o":{"x":[0],"y":[0]}},{"s":[-0.089],"t":18,"i":{"x":[1],"y":[1]},"o":{"x":[0],"y":[0]}},{"s":[-0.195],"t":19,"i":{"x":[1],"y":[1]},"o":{"x":[0],"y":[0]}},{"s":[-0.339],"t":20,"i":{"x":[1],"y":[1]},"o":{"x":[0],"y":[0]}},{"s":[-0.516],"t":21,"i":{"x":[1],"y":[1]},"o":{"x":[0],"y":[0]}},{"s":[-0.725],"t":22,"i":{"x":[1],"y":[1]},"o":{"x":[0],"y":[0]}},{"s":[-0.961],"t":23,"i":{"x":[1],"y":[1]},"o":{"x":[0],"y":[0]}},{"s":[-1.222],"t":24,"i":{"x":[1],"y":[1]},"o":{"x":[0],"y":[0]}},{"s":[-1.505],"t":25,"i":{"x":[1],"y":[1]},"o":{"x":[0],"y":[0]}},{"s":[-1.806],"t":26,"i":{"x":[1],"y":[1]},"o":{"x":[0],"y":[0]}},{"s":[-2.123],"t":27,"i":{"x":[1],"y":[1]},"o":{"x":[0],"y":[0]}},{"s":[-2.453],"t":28,"i":{"x":[1],"y":[1]},"o":{"x":[0],"y":[0]}},{"s":[-2.791],"t":29,"i":{"x":[1],"y":[1]},"o":{"x":[0],"y":[0]}},{"s":[-3.136],"t":30,"i":{"x":[1],"y":[1]},"o":{"x":[0],"y":[0]}},{"s":[-3.832],"t":32,"i":{"x":[1],"y":[1]},"o":{"x":[0],"y":[0]}},{"s":[-4.177],"t":33,"i":{"x":[1],"y":[1]},"o":{"x":[0],"y":[0]}},{"s":[-4.515],"t":34,"i":{"x":[1],"y":[1]},"o":{"x":[0],"y":[0]}},{"s":[-4.844],"t":35,"i":{"x":[1],"y":[1]},"o":{"x":[0],"y":[0]}},{"s":[-5.161],"t":36,"i":{"x":[1],"y":[1]},"o":{"x":[0],"y":[0]}},{"s":[-5.463],"t":37,"i":{"x":[1],"y":[1]},"o":{"x":[0],"y":[0]}},{"s":[-5.746],"t":38,"i":{"x":[1],"y":[1]},"o":{"x":[0],"y":[0]}},{"s":[-6.007],"t":39,"i":{"x":[1],"y":[1]},"o":{"x":[0],"y":[0]}},{"s":[-6.243],"t":40,"i":{"x":[1],"y":[1]},"o":{"x":[0],"y":[0]}},{"s":[-6.452],"t":41,"i":{"x":[1],"y":[1]},"o":{"x":[0],"y":[0]}},{"s":[-6.629],"t":42,"i":{"x":[1],"y":[1]},"o":{"x":[0],"y":[0]}},{"s":[-6.773],"t":43,"i":{"x":[1],"y":[1]},"o":{"x":[0],"y":[0]}},{"s":[-6.879],"t":44,"i":{"x":[1],"y":[1]},"o":{"x":[0],"y":[0]}},{"s":[-6.945],"t":45,"i":{"x":[1],"y":[1]},"o":{"x":[0],"y":[0]}},{"s":[-6.968],"t":46,"i":{"x":[1],"y":[1]},"o":{"x":[0],"y":[0]}},{"s":[-6.945],"t":47,"i":{"x":[1],"y":[1]},"o":{"x":[0],"y":[0]}},{"s":[-6.879],"t":48,"i":{"x":[1],"y":[1]},"o":{"x":[0],"y":[0]}},{"s":[-6.773],"t":49,"i":{"x":[1],"y":[1]},"o":{"x":[0],"y":[0]}},{"s":[-6.629],"t":50,"i":{"x":[1],"y":[1]},"o":{"x":[0],"y":[0]}},{"s":[-6.452],"t":51,"i":{"x":[1],"y":[1]},"o":{"x":[0],"y":[0]}},{"s":[-6.243],"t":52,"i":{"x":[1],"y":[1]},"o":{"x":[0],"y":[0]}},{"s":[-6.007],"t":53,"i":{"x":[1],"y":[1]},"o":{"x":[0],"y":[0]}},{"s":[-5.746],"t":54,"i":{"x":[1],"y":[1]},"o":{"x":[0],"y":[0]}},{"s":[-5.463],"t":55,"i":{"x":[1],"y":[1]},"o":{"x":[0],"y":[0]}},{"s":[-5.161],"t":56,"i":{"x":[1],"y":[1]},"o":{"x":[0],"y":[0]}},{"s":[-4.844],"t":57,"i":{"x":[1],"y":[1]},"o":{"x":[0],"y":[0]}},{"s":[-4.515],"t":58,"i":{"x":[1],"y":[1]},"o":{"x":[0],"y":[0]}},{"s":[-4.177],"t":59,"i":{"x":[1],"y":[1]},"o":{"x":[0],"y":[0]}}]},"p":{"a":0,"k":[50,50,0]},"a":{"a":0,"k":[-204.167,-153.04,0]},"s":{"a":0,"k":[100,100,100]}},"ao":0,"shapes":[{"ty":"gr","it":[{"ind":0,"ty":"sh","ks":{"a":0,"k":{"i":[[0.127,2.528],[122.557,-44.294],[-31.527,128.712]],"o":[[-3.973,-79.277],[-142.758,51.594],[0,0]],"v":[[210.032,101.087],[2.823,4.457],[-204.167,-153.04]],"c":false}},"nm":"Path 1","hd":false},{"ty":"st","c":{"a":0,"k":[0.129411771894,0.898039221764,0.768627464771,1]},"o":{"a":0,"k":100},"w":{"a":0,"k":2},"lc":1,"lj":1,"ml":10,"bm":0,"nm":"Stroke 1","hd":false},{"ty":"tr","p":{"a":0,"k":[0,0]},"a":{"a":0,"k":[0,0]},"s":{"a":0,"k":[100,100]},"r":{"a":0,"k":0},"o":{"a":0,"k":100},"sk":{"a":0,"k":0},"sa":{"a":0,"k":0},"nm":"Transform"}],"nm":"Group 1","bm":0,"hd":false}],"ip":0,"op":150,"st":0,"ct":1,"bm":0},{"ddd":0,"ind":8,"ty":4,"nm":"V_3","parent":11,"sr":1,"ks":{"o":{"a":1,"k":[{"i":{"x":[0.667],"y":[1]},"o":{"x":[0.333],"y":[0]},"t":48,"s":[100]},{"t":57,"s":[0]}]},"r":{"a":0,"k":0},"p":{"a":0,"k":[667,970.25,0]},"a":{"a":0,"k":[-104.625,-125.625,0]},"s":{"a":0,"k":[100,100,100]}},"ao":0,"shapes":[{"ty":"gr","it":[{"ind":0,"ty":"sh","ks":{"a":0,"k":{"i":[[0,0],[-11.375,0.375],[0,0]],"o":[[0,0],[18.125,-4.875],[0,0]],"v":[[-140,-134.25],[-114.375,-105.562],[-69.25,-144.75]],"c":false}},"nm":"Path 1","hd":false},{"ty":"tm","s":{"a":0,"k":0},"e":{"a":1,"k":[{"i":{"x":[0.213],"y":[1]},"o":{"x":[0.739],"y":[0]},"t":34,"s":[0]},{"t":41,"s":[100]}]},"o":{"a":0,"k":0},"m":1,"nm":"Trim Paths 1","hd":false},{"ty":"st","c":{"a":0,"k":[0.498039215686,0.388235294118,1,1]},"o":{"a":0,"k":100},"w":{"a":0,"k":17},"lc":2,"lj":2,"bm":0,"nm":"Stroke 1","hd":false},{"ty":"tr","p":{"a":0,"k":[0,0]},"a":{"a":0,"k":[0,0]},"s":{"a":0,"k":[100,100]},"r":{"a":0,"k":0},"o":{"a":0,"k":100},"sk":{"a":0,"k":0},"sa":{"a":0,"k":0},"nm":"Transform"}],"nm":"Shape 1","bm":0,"hd":false}],"ip":0,"op":150,"st":0,"ct":1,"bm":0},{"ddd":0,"ind":9,"ty":4,"nm":"V_2","parent":11,"sr":1,"ks":{"o":{"a":0,"k":100},"r":{"a":0,"k":0},"p":{"a":0,"k":[681,822.5,0]},"a":{"a":0,"k":[-104.625,-125.625,0]},"s":{"a":0,"k":[100,100,100]}},"ao":0,"shapes":[{"ty":"gr","it":[{"ind":0,"ty":"sh","ks":{"a":0,"k":{"i":[[0,0],[-11.375,0.375],[0,0]],"o":[[0,0],[18.125,-4.875],[0,0]],"v":[[-140,-134.25],[-114.375,-105.562],[-69.25,-144.75]],"c":false}},"nm":"Path 1","hd":false},{"ty":"st","c":{"a":0,"k":[0.498039215686,0.388235294118,1,1]},"o":{"a":0,"k":100},"w":{"a":0,"k":17},"lc":2,"lj":2,"bm":0,"nm":"Stroke 1","hd":false},{"ty":"tr","p":{"a":0,"k":[0,0]},"a":{"a":0,"k":[0,0]},"s":{"a":0,"k":[100,100]},"r":{"a":0,"k":0},"o":{"a":0,"k":100},"sk":{"a":0,"k":0},"sa":{"a":0,"k":0},"nm":"Transform"}],"nm":"Shape 1","bm":0,"hd":false}],"ip":0,"op":150,"st":0,"ct":1,"bm":0},{"ddd":0,"ind":10,"ty":4,"nm":"V_1","parent":11,"sr":1,"ks":{"o":{"a":0,"k":100},"r":{"a":0,"k":0},"p":{"a":0,"k":[695.375,674.375,0]},"a":{"a":0,"k":[-104.625,-125.625,0]},"s":{"a":0,"k":[100,100,100]}},"ao":0,"shapes":[{"ty":"gr","it":[{"ind":0,"ty":"sh","ks":{"a":0,"k":{"i":[[0,0],[-11.375,0.375],[0,0]],"o":[[0,0],[18.125,-4.875],[0,0]],"v":[[-140,-134.25],[-114.375,-105.562],[-69.25,-144.75]],"c":false}},"nm":"Path 1","hd":false},{"ty":"st","c":{"a":0,"k":[0.498039215686,0.388235294118,1,1]},"o":{"a":0,"k":100},"w":{"a":0,"k":17},"lc":2,"lj":2,"bm":0,"nm":"Stroke 1","hd":false},{"ty":"tr","p":{"a":0,"k":[0,0]},"a":{"a":0,"k":[0,0]},"s":{"a":0,"k":[100,100]},"r":{"a":0,"k":0},"o":{"a":0,"k":100},"sk":{"a":0,"k":0},"sa":{"a":0,"k":0},"nm":"Transform"}],"nm":"Shape 1","bm":0,"hd":false}],"ip":0,"op":150,"st":0,"ct":1,"bm":0},{"ddd":0,"ind":11,"ty":4,"nm":"Desk","parent":1,"sr":1,"ks":{"o":{"a":0,"k":100},"r":{"a":0,"k":1.704},"p":{"a":0,"k":[-105.869,-131.768,0]},"a":{"a":0,"k":[800.357,807.986,0]},"s":{"a":0,"k":[100,100,100]}},"ao":0,"shapes":[{"ty":"gr","it":[{"ind":0,"ty":"sh","ks":{"a":0,"k":{"i":[[4.795,-8.04],[8.039,4.795],[-4.795,8.039],[-8.039,-4.795]],"o":[[-4.795,8.039],[-8.04,-4.795],[4.795,-8.039],[8.039,4.796]],"v":[[14.63,7.161],[-9.996,12.208],[-15.87,-11.032],[7.37,-16.906]],"c":true}},"nm":"Path 1","hd":false},{"ind":1,"ty":"sh","ks":{"a":0,"k":{"i":[[27.713,16.531],[16.531,-27.713],[-27.713,-16.531],[-16.531,27.713]],"o":[[-27.713,-16.531],[-16.531,27.713],[27.713,16.531],[16.531,-27.713]],"v":[[28.109,-50.586],[-52.002,-30.338],[-31.754,49.772],[53.137,32.376]],"c":true}},"nm":"Path 2","hd":false},{"ty":"fl","c":{"a":0,"k":[0.129411771894,0.898039221764,0.768627464771,1]},"o":{"a":0,"k":100},"r":1,"bm":0,"nm":"Fill 1","hd":false},{"ty":"tr","p":{"a":0,"k":[835.234,445.987]},"a":{"a":0,"k":[0,0]},"s":{"a":0,"k":[100,100]},"r":{"a":0,"k":0},"o":{"a":0,"k":100},"sk":{"a":0,"k":0},"sa":{"a":0,"k":0},"nm":"Transform"}],"nm":"Group 1","bm":0,"hd":false},{"ty":"gr","it":[{"ind":0,"ty":"sh","ks":{"a":0,"k":{"i":[[3.667,10.158],[18.478,2.816],[38.985,4.24],[13.022,0.654],[14.542,-26.408],[-15.264,-14.148],[-18.534,-2.417],[-31.339,-1.676],[-5.801,27.19]],"o":[[-6.956,-19.269],[-16.513,-2.516],[-40.39,-4.392],[-27.117,-1.361],[-9.408,17.085],[14.684,13.606],[34.105,4.448],[23.653,1.265],[2.416,-11.325]],"v":[[104.115,-10.71],[46.553,-43.22],[-1.645,-12.129],[-39.657,-51.441],[-100.291,-27.6],[-94.822,26.405],[-47.668,42.258],[54.589,51.784],[105.12,22.947]],"c":true}},"nm":"Path 1","hd":false},{"ty":"fl","c":{"a":0,"k":[0.129411771894,0.898039221764,0.768627464771,1]},"o":{"a":0,"k":100},"r":1,"bm":0,"nm":"Fill 1","hd":false},{"ty":"tr","p":{"a":0,"k":[833.332,494.586]},"a":{"a":0,"k":[0,0]},"s":{"a":0,"k":[100,100]},"r":{"a":0,"k":0},"o":{"a":0,"k":100},"sk":{"a":0,"k":0},"sa":{"a":0,"k":0},"nm":"Transform"}],"nm":"Group 2","bm":0,"hd":false},{"ty":"gr","it":[{"ind":0,"ty":"sh","ks":{"a":0,"k":{"i":[[0,0],[-116.382,-20.313]],"o":[[0,0],[0,0]],"v":[[-96.185,-9.142],[96.185,9.194]],"c":false}},"nm":"Path 1","hd":false},{"ty":"tm","s":{"a":0,"k":0},"e":{"a":1,"k":[{"i":{"x":[0.833],"y":[0.833]},"o":{"x":[0.167],"y":[0]},"t":21,"s":[0]},{"t":34,"s":[100]}]},"o":{"a":0,"k":0},"m":1,"nm":"Trim Paths 1","hd":false},{"ty":"st","c":{"a":0,"k":[0.996078431606,0.435294121504,0.247058823705,1]},"o":{"a":0,"k":100},"w":{"a":0,"k":2},"lc":2,"lj":2,"bm":0,"nm":"Stroke 1","hd":false},{"ty":"tr","p":{"a":0,"k":[842.534,986.437]},"a":{"a":0,"k":[0,0]},"s":{"a":0,"k":[100,100]},"r":{"a":0,"k":0},"o":{"a":1,"k":[{"i":{"x":[0.667],"y":[1]},"o":{"x":[0.333],"y":[0]},"t":45,"s":[100]},{"t":57,"s":[0]}]},"sk":{"a":0,"k":0},"sa":{"a":0,"k":0},"nm":"Transform"}],"nm":"Group 3","bm":0,"hd":false},{"ty":"gr","it":[{"ind":0,"ty":"sh","ks":{"a":0,"k":{"i":[[0,0],[-92.605,4.091]],"o":[[0,0],[0,0]],"v":[[-96.185,-9.417],[96.185,8.919]],"c":false}},"nm":"Path 1","hd":false},{"ty":"st","c":{"a":0,"k":[0.996078431606,0.435294121504,0.247058823705,1]},"o":{"a":0,"k":100},"w":{"a":0,"k":2},"lc":2,"lj":2,"bm":0,"nm":"Stroke 1","hd":false},{"ty":"tr","p":{"a":0,"k":[856.645,838.673]},"a":{"a":0,"k":[0,0]},"s":{"a":0,"k":[100,100]},"r":{"a":0,"k":0},"o":{"a":0,"k":100},"sk":{"a":0,"k":0},"sa":{"a":0,"k":0},"nm":"Transform"}],"nm":"Group 4","bm":0,"hd":false},{"ty":"gr","it":[{"ind":0,"ty":"sh","ks":{"a":0,"k":{"i":[[0,0],[-113.979,-20.578]],"o":[[0,0],[0,0]],"v":[[-96.185,-9.132],[96.185,9.204]],"c":false}},"nm":"Path 1","hd":false},{"ty":"st","c":{"a":0,"k":[0.996078431606,0.435294121504,0.247058823705,1]},"o":{"a":0,"k":100},"w":{"a":0,"k":2},"lc":2,"lj":2,"bm":0,"nm":"Stroke 1","hd":false},{"ty":"tr","p":{"a":0,"k":[870.756,690.349]},"a":{"a":0,"k":[0,0]},"s":{"a":0,"k":[100,100]},"r":{"a":0,"k":0},"o":{"a":0,"k":100},"sk":{"a":0,"k":0},"sa":{"a":0,"k":0},"nm":"Transform"}],"nm":"Group 5","bm":0,"hd":false},{"ty":"gr","it":[{"ind":0,"ty":"sh","ks":{"a":0,"k":{"i":[[0,0],[-31.418,264.356],[0,0],[42.728,-285.865]],"o":[[0,0],[-224.848,-13.849],[0,0],[209.649,4.063]],"v":[[189.457,347.535],[264.268,-303.522],[-217.14,-347.535],[-264.268,308.232]],"c":true}},"nm":"Path 1","hd":false},{"ty":"fl","c":{"a":0,"k":[0.984313726425,0.878431379795,0.831372559071,1]},"o":{"a":0,"k":100},"r":1,"bm":0,"nm":"Fill 1","hd":false},{"ty":"tr","p":{"a":0,"k":[806.095,844.012]},"a":{"a":0,"k":[0,0]},"s":{"a":0,"k":[100,100]},"r":{"a":0,"k":0},"o":{"a":0,"k":100},"sk":{"a":0,"k":0},"sa":{"a":0,"k":0},"nm":"Transform"}],"nm":"Group 6","bm":0,"hd":false},{"ty":"gr","it":[{"ind":0,"ty":"sh","ks":{"a":0,"k":{"i":[[38.639,3.683],[0,0],[5.233,-54.904],[6.437,-67.528],[9.46,-99.25],[-38.639,-3.683],[0,0],[-3.683,38.639],[0,0]],"o":[[0,0],[-82.072,-7.823],[-6.437,67.528],[-9.46,99.25],[-3.683,38.639],[0,0],[69.787,6.652],[0,0],[3.683,-38.639]],"v":[[279.003,-339.075],[-192.458,-384.013],[-277.098,-236.691],[-296.408,-34.108],[-324.788,263.642],[-283.198,334.625],[192.679,383.564],[269.368,319.656],[325.009,-264.092]],"c":true}},"nm":"Path 1","hd":false},{"ty":"fl","c":{"a":0,"k":[0.996078431606,0.435294121504,0.247058823705,1]},"o":{"a":0,"k":100},"r":1,"bm":0,"nm":"Fill 1","hd":false},{"ty":"tr","p":{"a":0,"k":[800.357,844.383]},"a":{"a":0,"k":[0,0]},"s":{"a":0,"k":[100,100]},"r":{"a":0,"k":0},"o":{"a":0,"k":100},"sk":{"a":0,"k":0},"sa":{"a":0,"k":0},"nm":"Transform"}],"nm":"Group 7","bm":0,"hd":false}],"ip":0,"op":150,"st":0,"ct":1,"bm":0},{"ddd":0,"ind":12,"ty":4,"nm":"Line","parent":6,"sr":1,"ks":{"o":{"a":0,"k":100},"r":{"k":[{"s":[1.715],"t":0,"i":{"x":[1],"y":[1]},"o":{"x":[0],"y":[0]}},{"s":[1.393],"t":1,"i":{"x":[1],"y":[1]},"o":{"x":[0],"y":[0]}},{"s":[1.095],"t":2,"i":{"x":[1],"y":[1]},"o":{"x":[0],"y":[0]}},{"s":[0.826],"t":3,"i":{"x":[1],"y":[1]},"o":{"x":[0],"y":[0]}},{"s":[0.588],"t":4,"i":{"x":[1],"y":[1]},"o":{"x":[0],"y":[0]}},{"s":[0.386],"t":5,"i":{"x":[1],"y":[1]},"o":{"x":[0],"y":[0]}},{"s":[0.222],"t":6,"i":{"x":[1],"y":[1]},"o":{"x":[0],"y":[0]}},{"s":[0.101],"t":7,"i":{"x":[1],"y":[1]},"o":{"x":[0],"y":[0]}},{"s":[0.026],"t":8,"i":{"x":[1],"y":[1]},"o":{"x":[0],"y":[0]}},{"s":[0],"t":9,"i":{"x":[1],"y":[1]},"o":{"x":[0],"y":[0]}},{"s":[0.026],"t":10,"i":{"x":[1],"y":[1]},"o":{"x":[0],"y":[0]}},{"s":[0.101],"t":11,"i":{"x":[1],"y":[1]},"o":{"x":[0],"y":[0]}},{"s":[0.222],"t":12,"i":{"x":[1],"y":[1]},"o":{"x":[0],"y":[0]}},{"s":[0.386],"t":13,"i":{"x":[1],"y":[1]},"o":{"x":[0],"y":[0]}},{"s":[0.588],"t":14,"i":{"x":[1],"y":[1]},"o":{"x":[0],"y":[0]}},{"s":[0.826],"t":15,"i":{"x":[1],"y":[1]},"o":{"x":[0],"y":[0]}},{"s":[1.095],"t":16,"i":{"x":[1],"y":[1]},"o":{"x":[0],"y":[0]}},{"s":[1.393],"t":17,"i":{"x":[1],"y":[1]},"o":{"x":[0],"y":[0]}},{"s":[1.715],"t":18,"i":{"x":[1],"y":[1]},"o":{"x":[0],"y":[0]}},{"s":[2.059],"t":19,"i":{"x":[1],"y":[1]},"o":{"x":[0],"y":[0]}},{"s":[2.42],"t":20,"i":{"x":[1],"y":[1]},"o":{"x":[0],"y":[0]}},{"s":[2.795],"t":21,"i":{"x":[1],"y":[1]},"o":{"x":[0],"y":[0]}},{"s":[3.181],"t":22,"i":{"x":[1],"y":[1]},"o":{"x":[0],"y":[0]}},{"s":[3.574],"t":23,"i":{"x":[1],"y":[1]},"o":{"x":[0],"y":[0]}},{"s":[4.367],"t":25,"i":{"x":[1],"y":[1]},"o":{"x":[0],"y":[0]}},{"s":[4.759],"t":26,"i":{"x":[1],"y":[1]},"o":{"x":[0],"y":[0]}},{"s":[5.145],"t":27,"i":{"x":[1],"y":[1]},"o":{"x":[0],"y":[0]}},{"s":[5.521],"t":28,"i":{"x":[1],"y":[1]},"o":{"x":[0],"y":[0]}},{"s":[5.882],"t":29,"i":{"x":[1],"y":[1]},"o":{"x":[0],"y":[0]}},{"s":[6.225],"t":30,"i":{"x":[1],"y":[1]},"o":{"x":[0],"y":[0]}},{"s":[6.547],"t":31,"i":{"x":[1],"y":[1]},"o":{"x":[0],"y":[0]}},{"s":[6.845],"t":32,"i":{"x":[1],"y":[1]},"o":{"x":[0],"y":[0]}},{"s":[7.114],"t":33,"i":{"x":[1],"y":[1]},"o":{"x":[0],"y":[0]}},{"s":[7.352],"t":34,"i":{"x":[1],"y":[1]},"o":{"x":[0],"y":[0]}},{"s":[7.554],"t":35,"i":{"x":[1],"y":[1]},"o":{"x":[0],"y":[0]}},{"s":[7.718],"t":36,"i":{"x":[1],"y":[1]},"o":{"x":[0],"y":[0]}},{"s":[7.839],"t":37,"i":{"x":[1],"y":[1]},"o":{"x":[0],"y":[0]}},{"s":[7.914],"t":38,"i":{"x":[1],"y":[1]},"o":{"x":[0],"y":[0]}},{"s":[7.94],"t":39,"i":{"x":[1],"y":[1]},"o":{"x":[0],"y":[0]}},{"s":[7.914],"t":40,"i":{"x":[1],"y":[1]},"o":{"x":[0],"y":[0]}},{"s":[7.839],"t":41,"i":{"x":[1],"y":[1]},"o":{"x":[0],"y":[0]}},{"s":[7.718],"t":42,"i":{"x":[1],"y":[1]},"o":{"x":[0],"y":[0]}},{"s":[7.554],"t":43,"i":{"x":[1],"y":[1]},"o":{"x":[0],"y":[0]}},{"s":[7.352],"t":44,"i":{"x":[1],"y":[1]},"o":{"x":[0],"y":[0]}},{"s":[7.114],"t":45,"i":{"x":[1],"y":[1]},"o":{"x":[0],"y":[0]}},{"s":[6.845],"t":46,"i":{"x":[1],"y":[1]},"o":{"x":[0],"y":[0]}},{"s":[6.547],"t":47,"i":{"x":[1],"y":[1]},"o":{"x":[0],"y":[0]}},{"s":[6.225],"t":48,"i":{"x":[1],"y":[1]},"o":{"x":[0],"y":[0]}},{"s":[5.882],"t":49,"i":{"x":[1],"y":[1]},"o":{"x":[0],"y":[0]}},{"s":[5.521],"t":50,"i":{"x":[1],"y":[1]},"o":{"x":[0],"y":[0]}},{"s":[5.145],"t":51,"i":{"x":[1],"y":[1]},"o":{"x":[0],"y":[0]}},{"s":[4.759],"t":52,"i":{"x":[1],"y":[1]},"o":{"x":[0],"y":[0]}},{"s":[4.367],"t":53,"i":{"x":[1],"y":[1]},"o":{"x":[0],"y":[0]}},{"s":[3.574],"t":55,"i":{"x":[1],"y":[1]},"o":{"x":[0],"y":[0]}},{"s":[3.181],"t":56,"i":{"x":[1],"y":[1]},"o":{"x":[0],"y":[0]}},{"s":[2.795],"t":57,"i":{"x":[1],"y":[1]},"o":{"x":[0],"y":[0]}},{"s":[2.42],"t":58,"i":{"x":[1],"y":[1]},"o":{"x":[0],"y":[0]}},{"s":[2.059],"t":59,"i":{"x":[1],"y":[1]},"o":{"x":[0],"y":[0]}}]},"p":{"a":0,"k":[50,50,0]},"a":{"a":0,"k":[-154.6,170.041,0]},"s":{"a":0,"k":[100,100,100]}},"ao":0,"shapes":[{"ty":"gr","it":[{"ind":0,"ty":"sh","ks":{"a":0,"k":{"i":[[0,0],[-35.167,159.814]],"o":[[32.838,-149.23],[0,0]],"v":[[-154.6,170.041],[154.6,-170.041]],"c":false}},"nm":"Path 1","hd":false},{"ty":"st","c":{"a":0,"k":[0.129411771894,0.898039221764,0.768627464771,1]},"o":{"a":0,"k":100},"w":{"a":0,"k":2},"lc":1,"lj":1,"ml":10,"bm":0,"nm":"Stroke 1","hd":false},{"ty":"tr","p":{"a":0,"k":[0,0]},"a":{"a":0,"k":[0,0]},"s":{"a":0,"k":[100,100]},"r":{"a":0,"k":0},"o":{"a":0,"k":100},"sk":{"a":0,"k":0},"sa":{"a":0,"k":0},"nm":"Transform"}],"nm":"Group 1","bm":0,"hd":false}],"ip":0,"op":150,"st":0,"ct":1,"bm":0},{"ddd":0,"ind":13,"ty":4,"nm":"2x_Lines","parent":12,"sr":1,"ks":{"o":{"a":0,"k":100},"r":{"k":[{"s":[9.091],"t":0,"i":{"x":[1],"y":[1]},"o":{"x":[0],"y":[0]}},{"s":[8.747],"t":1,"i":{"x":[1],"y":[1]},"o":{"x":[0],"y":[0]}},{"s":[8.367],"t":2,"i":{"x":[1],"y":[1]},"o":{"x":[0],"y":[0]}},{"s":[7.955],"t":3,"i":{"x":[1],"y":[1]},"o":{"x":[0],"y":[0]}},{"s":[7.516],"t":4,"i":{"x":[1],"y":[1]},"o":{"x":[0],"y":[0]}},{"s":[7.055],"t":5,"i":{"x":[1],"y":[1]},"o":{"x":[0],"y":[0]}},{"s":[6.575],"t":6,"i":{"x":[1],"y":[1]},"o":{"x":[0],"y":[0]}},{"s":[6.082],"t":7,"i":{"x":[1],"y":[1]},"o":{"x":[0],"y":[0]}},{"s":[5.58],"t":8,"i":{"x":[1],"y":[1]},"o":{"x":[0],"y":[0]}},{"s":[4.567],"t":10,"i":{"x":[1],"y":[1]},"o":{"x":[0],"y":[0]}},{"s":[4.065],"t":11,"i":{"x":[1],"y":[1]},"o":{"x":[0],"y":[0]}},{"s":[3.572],"t":12,"i":{"x":[1],"y":[1]},"o":{"x":[0],"y":[0]}},{"s":[3.092],"t":13,"i":{"x":[1],"y":[1]},"o":{"x":[0],"y":[0]}},{"s":[2.631],"t":14,"i":{"x":[1],"y":[1]},"o":{"x":[0],"y":[0]}},{"s":[2.192],"t":15,"i":{"x":[1],"y":[1]},"o":{"x":[0],"y":[0]}},{"s":[1.78],"t":16,"i":{"x":[1],"y":[1]},"o":{"x":[0],"y":[0]}},{"s":[1.399],"t":17,"i":{"x":[1],"y":[1]},"o":{"x":[0],"y":[0]}},{"s":[1.055],"t":18,"i":{"x":[1],"y":[1]},"o":{"x":[0],"y":[0]}},{"s":[0.752],"t":19,"i":{"x":[1],"y":[1]},"o":{"x":[0],"y":[0]}},{"s":[0.493],"t":20,"i":{"x":[1],"y":[1]},"o":{"x":[0],"y":[0]}},{"s":[0.284],"t":21,"i":{"x":[1],"y":[1]},"o":{"x":[0],"y":[0]}},{"s":[0.129],"t":22,"i":{"x":[1],"y":[1]},"o":{"x":[0],"y":[0]}},{"s":[0.033],"t":23,"i":{"x":[1],"y":[1]},"o":{"x":[0],"y":[0]}},{"s":[0],"t":24,"i":{"x":[1],"y":[1]},"o":{"x":[0],"y":[0]}},{"s":[0.033],"t":25,"i":{"x":[1],"y":[1]},"o":{"x":[0],"y":[0]}},{"s":[0.129],"t":26,"i":{"x":[1],"y":[1]},"o":{"x":[0],"y":[0]}},{"s":[0.284],"t":27,"i":{"x":[1],"y":[1]},"o":{"x":[0],"y":[0]}},{"s":[0.493],"t":28,"i":{"x":[1],"y":[1]},"o":{"x":[0],"y":[0]}},{"s":[0.752],"t":29,"i":{"x":[1],"y":[1]},"o":{"x":[0],"y":[0]}},{"s":[1.055],"t":30,"i":{"x":[1],"y":[1]},"o":{"x":[0],"y":[0]}},{"s":[1.399],"t":31,"i":{"x":[1],"y":[1]},"o":{"x":[0],"y":[0]}},{"s":[1.78],"t":32,"i":{"x":[1],"y":[1]},"o":{"x":[0],"y":[0]}},{"s":[2.192],"t":33,"i":{"x":[1],"y":[1]},"o":{"x":[0],"y":[0]}},{"s":[2.631],"t":34,"i":{"x":[1],"y":[1]},"o":{"x":[0],"y":[0]}},{"s":[3.092],"t":35,"i":{"x":[1],"y":[1]},"o":{"x":[0],"y":[0]}},{"s":[3.572],"t":36,"i":{"x":[1],"y":[1]},"o":{"x":[0],"y":[0]}},{"s":[4.065],"t":37,"i":{"x":[1],"y":[1]},"o":{"x":[0],"y":[0]}},{"s":[4.567],"t":38,"i":{"x":[1],"y":[1]},"o":{"x":[0],"y":[0]}},{"s":[5.58],"t":40,"i":{"x":[1],"y":[1]},"o":{"x":[0],"y":[0]}},{"s":[6.082],"t":41,"i":{"x":[1],"y":[1]},"o":{"x":[0],"y":[0]}},{"s":[6.575],"t":42,"i":{"x":[1],"y":[1]},"o":{"x":[0],"y":[0]}},{"s":[7.055],"t":43,"i":{"x":[1],"y":[1]},"o":{"x":[0],"y":[0]}},{"s":[7.516],"t":44,"i":{"x":[1],"y":[1]},"o":{"x":[0],"y":[0]}},{"s":[7.955],"t":45,"i":{"x":[1],"y":[1]},"o":{"x":[0],"y":[0]}},{"s":[8.367],"t":46,"i":{"x":[1],"y":[1]},"o":{"x":[0],"y":[0]}},{"s":[8.747],"t":47,"i":{"x":[1],"y":[1]},"o":{"x":[0],"y":[0]}},{"s":[9.091],"t":48,"i":{"x":[1],"y":[1]},"o":{"x":[0],"y":[0]}},{"s":[9.395],"t":49,"i":{"x":[1],"y":[1]},"o":{"x":[0],"y":[0]}},{"s":[9.654],"t":50,"i":{"x":[1],"y":[1]},"o":{"x":[0],"y":[0]}},{"s":[9.862],"t":51,"i":{"x":[1],"y":[1]},"o":{"x":[0],"y":[0]}},{"s":[10.017],"t":52,"i":{"x":[1],"y":[1]},"o":{"x":[0],"y":[0]}},{"s":[10.114],"t":53,"i":{"x":[1],"y":[1]},"o":{"x":[0],"y":[0]}},{"s":[10.147],"t":54,"i":{"x":[1],"y":[1]},"o":{"x":[0],"y":[0]}},{"s":[10.114],"t":55,"i":{"x":[1],"y":[1]},"o":{"x":[0],"y":[0]}},{"s":[10.017],"t":56,"i":{"x":[1],"y":[1]},"o":{"x":[0],"y":[0]}},{"s":[9.862],"t":57,"i":{"x":[1],"y":[1]},"o":{"x":[0],"y":[0]}},{"s":[9.654],"t":58,"i":{"x":[1],"y":[1]},"o":{"x":[0],"y":[0]}},{"s":[9.395],"t":59,"i":{"x":[1],"y":[1]},"o":{"x":[0],"y":[0]}}]},"p":{"a":0,"k":[154.6,-170.041,0]},"a":{"a":0,"k":[601.146,635.16,0]},"s":{"a":0,"k":[100,100,100]}},"ao":0,"shapes":[{"ty":"gr","it":[{"ind":0,"ty":"sh","ks":{"a":0,"k":{"i":[[-5.734,0.625],[0,0],[-0.625,-5.734],[0,0],[5.734,-0.625],[0,0],[0.625,5.734],[0,0]],"o":[[0,0],[5.734,-0.625],[0,0],[0.625,5.734],[0,0],[-5.734,0.625],[0,0],[-0.625,-5.734]],"v":[[-5.15,-9.945],[2.885,-10.821],[14.4,-1.571],[14.4,-1.571],[5.15,9.945],[-2.885,10.821],[-14.4,1.571],[-14.4,1.571]],"c":true}},"nm":"Path 1","hd":false},{"ty":"fl","c":{"a":0,"k":[0.498039215803,0.388235300779,1,1]},"o":{"a":0,"k":100},"r":1,"bm":0,"nm":"Fill 1","hd":false},{"ty":"tr","p":{"a":0,"k":[605.103,217.185]},"a":{"a":0,"k":[0,0]},"s":{"a":0,"k":[100,100]},"r":{"a":0,"k":0},"o":{"a":0,"k":100},"sk":{"a":0,"k":0},"sa":{"a":0,"k":0},"nm":"Transform"}],"nm":"Group 1","bm":0,"hd":false},{"ty":"gr","it":[{"ind":0,"ty":"sh","ks":{"a":0,"k":{"i":[[5.734,-0.625],[0,0],[-0.625,-5.734],[0,0],[-5.734,0.625],[0,0],[0.625,5.734],[0,0]],"o":[[0,0],[-5.734,0.625],[0,0],[0.625,5.734],[0,0],[5.734,-0.625],[0,0],[-0.625,-5.734]],"v":[[2.885,-10.821],[-5.15,-9.945],[-14.4,1.571],[-14.4,1.571],[-2.885,10.821],[5.15,9.945],[14.4,-1.571],[14.4,-1.571]],"c":true}},"nm":"Path 1","hd":false},{"ty":"fl","c":{"a":0,"k":[0.498039215803,0.388235300779,1,1]},"o":{"a":0,"k":100},"r":1,"bm":0,"nm":"Fill 1","hd":false},{"ty":"tr","p":{"a":0,"k":[507.181,227.865]},"a":{"a":0,"k":[0,0]},"s":{"a":0,"k":[100,100]},"r":{"a":0,"k":0},"o":{"a":0,"k":100},"sk":{"a":0,"k":0},"sa":{"a":0,"k":0},"nm":"Transform"}],"nm":"Group 2","bm":0,"hd":false},{"ty":"gr","it":[{"ind":0,"ty":"sh","ks":{"a":0,"k":{"i":[[0,0],[-7.56,0.825],[15.231,-70.064],[0,0],[29.977,65.134],[-36.721,4.005],[0,0]],"o":[[0,0],[36.721,-4.005],[-15.231,70.064],[0,0],[-29.977,-65.134],[7.56,-0.825],[0,0]],"v":[[57.08,-207.872],[88.4,-211.288],[145.615,-118.277],[38.722,211.674],[-136.783,-87.477],[-100.964,-190.635],[-69.643,-194.051]],"c":false}},"nm":"Path 1","hd":false},{"ty":"st","c":{"a":0,"k":[0.129411771894,0.898039221764,0.768627464771,1]},"o":{"a":0,"k":100},"w":{"a":0,"k":2},"lc":1,"lj":1,"ml":10,"bm":0,"nm":"Stroke 1","hd":false},{"ty":"tr","p":{"a":0,"k":[562.424,423.486]},"a":{"a":0,"k":[0,0]},"s":{"a":0,"k":[100,100]},"r":{"a":0,"k":0},"o":{"a":0,"k":100},"sk":{"a":0,"k":0},"sa":{"a":0,"k":0},"nm":"Transform"}],"nm":"Group 3","bm":0,"hd":false}],"ip":0,"op":150,"st":0,"ct":1,"bm":0},{"ddd":0,"ind":14,"ty":0,"nm":"BG_Details","refId":"comp_0","sr":1,"ks":{"o":{"a":0,"k":100},"r":{"a":0,"k":0},"p":{"a":0,"k":[800,800,0]},"a":{"a":0,"k":[800,800,0]},"s":{"a":0,"k":[100,100,100]}},"ao":0,"w":1600,"h":1600,"ip":0,"op":150,"st":0,"bm":0}],"markers":[],"props":{}}